﻿{
	"PKID": "66f918b8-542b-43eb-bd25-d23bea72042b",
	"TopographyName": "Exchange系统拓扑",
	"OrderBy": 1,
	"IsCustom": true,
	"SpecifiedWidth": 5446,
	"SpecifiedHeight": 4071,
	"Features": "",
	"GroupList": [
		{
			"PKID": "45a05cda-e4a4-4cef-a194-40fb7d3c6307",
			"TopographyID": "66f918b8-542b-43eb-bd25-d23bea72042b",
			"OrderBy": 1,
			"GroupName": "",
			"Features": "",
			"ServerList": [
				{
					"PKID": "6ecd5fe7-e44b-400d-8b7b-051dcf7ec008",
					"ServerName": "UC-SYNC01",
					"GroupId": "45a05cda-e4a4-4cef-a194-40fb7d3c6307",
					"OrderBy": 1,
					"Features": "border-color:#00b050",
					"IsStone": false,
					"ServerState": 1,
					"FreeRAMMB": 13119,
					"FreeRAMMBTimeSampled": "/Date(1525293010000)/",
					"UsedRAMPct": 20.0167089636151,
					"UsedRAMPctTimeSampled": "/Date(1525294510863)/",
					"UsedRAMMB": 3283.1757919814586,
					"FreeRAMPct": 79.9832910363849,
					"TotalRAMMB": 16402.175791981455,
					"FQDN": "UC-SYNC01.corp.sinochem.com",
					"RAMState": 1,
					"CheckPointList": [
						{
							"PKID": "0314e043-e590-4e25-a210-009c7cd7e930",
							"CheckPointName": "Exchange SYNC Services",
							"CheckPointDisplayName": "Services",
							"ObjRefIdentifier": "",
							"ServerId": "6ecd5fe7-e44b-400d-8b7b-051dcf7ec008",
							"OrderBy": 1,
							"IconRefFlag": "service",
							"CheckPointState": 1,
							"ServerFQDN": "UC-SYNC01.corp.sinochem.com",
							"ServerName": "UC-SYNC01"
						}
					],
					"DiskList": [
						{
							"ServerId": "6ecd5fe7-e44b-400d-8b7b-051dcf7ec008",
							"Symbol": "C:",
							"FreeMB": 87540,
							"FreePct": 85.7848434448242,
							"FreeMBTimeSampled": "/Date(1525293171000)/",
							"FreePctTimeSampled": "/Date(1525293171000)/",
							"UsedMB": 14505.998435964619,
							"UsedPct": 14.215156555175795,
							"TotalMB": 102045.99843596462,
							"DiskState": 1
						}
					]
				}, {
					"PKID": "f32d807f-cbe8-45f7-9b1a-4ded400ed16d",
					"ServerName": "UC-ADFS01",
					"GroupId": "45a05cda-e4a4-4cef-a194-40fb7d3c6307",
					"OrderBy": 2,
					"Features": "border-color:#00b050",
					"IsStone": false,
					"ServerState": 1,
					"FreeRAMMB": 29608,
					"FreeRAMMBTimeSampled": "/Date(1525292208000)/",
					"UsedRAMPct": 9.72130760592528,
					"UsedRAMPctTimeSampled": "/Date(1525294608450)/",
					"UsedRAMMB": 3188.2215832262846,
					"FreeRAMPct": 90.27869239407472,
					"TotalRAMMB": 32796.22158322628,
					"FQDN": "UC-ADFS01.corp.sinochem.com",
					"RAMState": 1,
					"CheckPointList": [
						{
							"PKID": "4f5266fc-7a41-44a6-bf63-7b770f53ff69",
							"CheckPointName": "Exchange ADFS Services",
							"CheckPointDisplayName": "Services",
							"ObjRefIdentifier": "",
							"ServerId": "f32d807f-cbe8-45f7-9b1a-4ded400ed16d",
							"OrderBy": 1,
							"IconRefFlag": "service",
							"CheckPointState": 1,
							"ServerFQDN": "UC-ADFS01.corp.sinochem.com",
							"ServerName": "UC-ADFS01"
						}, {
							"PKID": "0520150b-a4aa-4b2b-a8f8-394cd7cee776",
							"CheckPointName": "Exchange Test Page",
							"CheckPointDisplayName": "Test Page",
							"ObjRefIdentifier": "",
							"ServerId": "f32d807f-cbe8-45f7-9b1a-4ded400ed16d",
							"OrderBy": 2,
							"IconRefFlag": "webend",
							"CheckPointState": 1,
							"ServerFQDN": "UC-ADFS01.corp.sinochem.com",
							"ServerName": "UC-ADFS01"
						}
					],
					"DiskList": [
						{
							"ServerId": "f32d807f-cbe8-45f7-9b1a-4ded400ed16d",
							"Symbol": "C:",
							"FreeMB": 135838,
							"FreePct": 88.6404876708984,
							"FreeMBTimeSampled": "/Date(1525292385000)/",
							"FreePctTimeSampled": "/Date(1525292385000)/",
							"UsedMB": 17407.99804136349,
							"UsedPct": 11.359512329101605,
							"TotalMB": 153245.9980413635,
							"DiskState": 1
						}
					]
				}, {
					"PKID": "116457dc-6057-4b34-95a6-75d6c48dc304",
					"ServerName": "UC-ADFS02",
					"GroupId": "45a05cda-e4a4-4cef-a194-40fb7d3c6307",
					"OrderBy": 3,
					"Features": "border-color:#00b050",
					"IsStone": false,
					"ServerState": 1,
					"FreeRAMMB": 29591,
					"FreeRAMMBTimeSampled": "/Date(1525292137000)/",
					"UsedRAMPct": 9.54430252990419,
					"UsedRAMPctTimeSampled": "/Date(1525294238127)/",
					"UsedRAMMB": 3122.251710631752,
					"FreeRAMPct": 90.45569747009581,
					"TotalRAMMB": 32713.251710631754,
					"FQDN": "UC-ADFS02.corp.sinochem.com",
					"RAMState": 1,
					"CheckPointList": [
						{
							"PKID": "ba1e3d86-e7f0-4e7b-88c0-9ec8207f55c1",
							"CheckPointName": "Exchange ADFS Services",
							"CheckPointDisplayName": "Services",
							"ObjRefIdentifier": "",
							"ServerId": "116457dc-6057-4b34-95a6-75d6c48dc304",
							"OrderBy": 1,
							"IconRefFlag": "service",
							"CheckPointState": 1,
							"ServerFQDN": "UC-ADFS02.corp.sinochem.com",
							"ServerName": "UC-ADFS02"
						}, {
							"PKID": "6f978d45-bdd2-4240-acde-faec1a7e625e",
							"CheckPointName": "Exchange Test Page",
							"CheckPointDisplayName": "Test Page",
							"ObjRefIdentifier": "",
							"ServerId": "116457dc-6057-4b34-95a6-75d6c48dc304",
							"OrderBy": 2,
							"IconRefFlag": "webend",
							"CheckPointState": 1,
							"ServerFQDN": "UC-ADFS02.corp.sinochem.com",
							"ServerName": "UC-ADFS02"
						}
					],
					"DiskList": [
						{
							"ServerId": "116457dc-6057-4b34-95a6-75d6c48dc304",
							"Symbol": "C:",
							"FreeMB": 136269,
							"FreePct": 88.9217300415039,
							"FreeMBTimeSampled": "/Date(1525292533000)/",
							"FreePctTimeSampled": "/Date(1525292533000)/",
							"UsedMB": 16977.00627585285,
							"UsedPct": 11.078269958496094,
							"TotalMB": 153246.00627585285,
							"DiskState": 1
						}
					]
				}, {
					"PKID": "1e122693-1bd3-48e8-9610-bbe3016ededa",
					"ServerName": "UC-EX-FE01",
					"GroupId": "45a05cda-e4a4-4cef-a194-40fb7d3c6307",
					"OrderBy": 4,
					"Features": "border-color:#00b050",
					"IsStone": false,
					"ServerState": 1,
					"FreeRAMMB": 19958,
					"FreeRAMMBTimeSampled": "/Date(1525292470000)/",
					"UsedRAMPct": 38.8874715978857,
					"UsedRAMPctTimeSampled": "/Date(1525295170460)/",
					"UsedRAMMB": 12699.788053995024,
					"FreeRAMPct": 61.1125284021143,
					"TotalRAMMB": 32657.788053995027,
					"FQDN": "UC-EX-FE01.corp.sinochem.com",
					"RAMState": 1,
					"CheckPointList": [
						{
							"PKID": "3f5db1d7-b84e-4403-b825-61a4613adae9",
							"CheckPointName": "Exchange Services",
							"CheckPointDisplayName": "Services",
							"ObjRefIdentifier": "",
							"ServerId": "1e122693-1bd3-48e8-9610-bbe3016ededa",
							"OrderBy": 1,
							"IconRefFlag": "service",
							"CheckPointState": 1,
							"ServerFQDN": "UC-EX-FE01.corp.sinochem.com",
							"ServerName": "UC-EX-FE01"
						}, {
							"PKID": "0dba535b-2a74-4919-8ac0-5c8c90453c8f",
							"CheckPointName": "Exchange Mail Queue",
							"CheckPointDisplayName": "Mail Queue",
							"ObjRefIdentifier": "",
							"ServerId": "1e122693-1bd3-48e8-9610-bbe3016ededa",
							"OrderBy": 2,
							"IconRefFlag": "mail",
							"CheckPointState": 1,
							"ServerFQDN": "UC-EX-FE01.corp.sinochem.com",
							"ServerName": "UC-EX-FE01"
						}, {
							"PKID": "8e6d54e3-a6c4-4c66-bfe6-ea6263768be5",
							"CheckPointName": "Exchange OWA",
							"CheckPointDisplayName": "OWA",
							"ObjRefIdentifier": "",
							"ServerId": "1e122693-1bd3-48e8-9610-bbe3016ededa",
							"OrderBy": 3,
							"IconRefFlag": "webend",
							"CheckPointState": 1,
							"ServerFQDN": "UC-EX-FE01.corp.sinochem.com",
							"ServerName": "UC-EX-FE01"
						}
					],
					"DiskList": [
						{
							"ServerId": "1e122693-1bd3-48e8-9610-bbe3016ededa",
							"Symbol": "C:",
							"FreeMB": 128188,
							"FreePct": 41.7760047912598,
							"FreeMBTimeSampled": "/Date(1525292470000)/",
							"FreePctTimeSampled": "/Date(1525292470000)/",
							"UsedMB": 178658.00080958183,
							"UsedPct": 58.2239952087402,
							"TotalMB": 306846.00080958183,
							"DiskState": 1
						}
					]
				}, {
					"PKID": "b23cf888-de46-4327-9ba3-cc5afd9d1de3",
					"ServerName": "UC-EX-FE02",
					"GroupId": "45a05cda-e4a4-4cef-a194-40fb7d3c6307",
					"OrderBy": 5,
					"Features": "border-color:#00b050",
					"IsStone": false,
					"ServerState": 1,
					"FreeRAMMB": 20172,
					"FreeRAMMBTimeSampled": "/Date(1525293970000)/",
					"UsedRAMPct": 38.3747672397556,
					"UsedRAMPctTimeSampled": "/Date(1525295170797)/",
					"UsedRAMMB": 12561.344924602601,
					"FreeRAMPct": 61.6252327602444,
					"TotalRAMMB": 32733.344924602596,
					"FQDN": "UC-EX-FE02.corp.sinochem.com",
					"RAMState": 1,
					"CheckPointList": [
						{
							"PKID": "4856772e-7a06-4795-8e8f-01f7c441f384",
							"CheckPointName": "Exchange Services",
							"CheckPointDisplayName": "Services",
							"ObjRefIdentifier": "",
							"ServerId": "b23cf888-de46-4327-9ba3-cc5afd9d1de3",
							"OrderBy": 1,
							"IconRefFlag": "service",
							"CheckPointState": 1,
							"ServerFQDN": "UC-EX-FE02.corp.sinochem.com",
							"ServerName": "UC-EX-FE02"
						}, {
							"PKID": "a1142aff-20a1-4559-98bb-3db3a5a6a8a6",
							"CheckPointName": "Exchange Mail Queue",
							"CheckPointDisplayName": "Mail Queue",
							"ObjRefIdentifier": "",
							"ServerId": "b23cf888-de46-4327-9ba3-cc5afd9d1de3",
							"OrderBy": 2,
							"IconRefFlag": "mail",
							"CheckPointState": 1,
							"ServerFQDN": "UC-EX-FE02.corp.sinochem.com",
							"ServerName": "UC-EX-FE02"
						}, {
							"PKID": "4eaae10b-8fed-4d00-bc7c-834a26142743",
							"CheckPointName": "Exchange OWA",
							"CheckPointDisplayName": "OWA",
							"ObjRefIdentifier": "",
							"ServerId": "b23cf888-de46-4327-9ba3-cc5afd9d1de3",
							"OrderBy": 3,
							"IconRefFlag": "webend",
							"CheckPointState": 1,
							"ServerFQDN": "UC-EX-FE02.corp.sinochem.com",
							"ServerName": "UC-EX-FE02"
						}
					],
					"DiskList": [
						{
							"ServerId": "b23cf888-de46-4327-9ba3-cc5afd9d1de3",
							"Symbol": "C:",
							"FreeMB": 171570,
							"FreePct": 55.9140434265137,
							"FreeMBTimeSampled": "/Date(1525293970000)/",
							"FreePctTimeSampled": "/Date(1525293970000)/",
							"UsedMB": 135275.98981915833,
							"UsedPct": 44.0859565734863,
							"TotalMB": 306845.98981915833,
							"DiskState": 1
						}
					]
				}, {
					"PKID": "8fe686f0-4082-4a3f-9c7e-ccfd4bcb7900",
					"ServerName": "UC-EX-FE03",
					"GroupId": "45a05cda-e4a4-4cef-a194-40fb7d3c6307",
					"OrderBy": 6,
					"Features": "border-color:#00b050",
					"IsStone": false,
					"ServerState": 3,
					"FreeRAMMB": 19675,
					"FreeRAMMBTimeSampled": "/Date(1525293945000)/",
					"UsedRAMPct": 39.714512556536,
					"UsedRAMPctTimeSampled": "/Date(1525294845530)/",
					"UsedRAMMB": 12961.378727884225,
					"FreeRAMPct": 60.285487443464,
					"TotalRAMMB": 32636.37872788422,
					"FQDN": "UC-EX-FE03.corp.sinochem.com",
					"RAMState": 1,
					"CheckPointList": [
						{
							"PKID": "b6b83096-29a3-418d-9498-379d5a40660c",
							"CheckPointName": "Exchange Services",
							"CheckPointDisplayName": "Services",
							"ObjRefIdentifier": "",
							"ServerId": "8fe686f0-4082-4a3f-9c7e-ccfd4bcb7900",
							"OrderBy": 1,
							"IconRefFlag": "service",
							"CheckPointState": 1,
							"ServerFQDN": "UC-EX-FE03.corp.sinochem.com",
							"ServerName": "UC-EX-FE03"
						}, {
							"PKID": "67a12a13-09b8-4e6b-9e50-73daa578eb16",
							"CheckPointName": "Exchange Mail Queue",
							"CheckPointDisplayName": "Mail Queue",
							"ObjRefIdentifier": "",
							"ServerId": "8fe686f0-4082-4a3f-9c7e-ccfd4bcb7900",
							"OrderBy": 2,
							"IconRefFlag": "mail",
							"CheckPointState": 1,
							"ServerFQDN": "UC-EX-FE03.corp.sinochem.com",
							"ServerName": "UC-EX-FE03"
						}, {
							"PKID": "11c4d0c8-7067-484f-9b8c-b2bd8ee10a16",
							"CheckPointName": "Exchange OWA",
							"CheckPointDisplayName": "OWA",
							"ObjRefIdentifier": "",
							"ServerId": "8fe686f0-4082-4a3f-9c7e-ccfd4bcb7900",
							"OrderBy": 3,
							"IconRefFlag": "webend",
							"CheckPointState": 3,
							"ServerFQDN": "UC-EX-FE03.corp.sinochem.com",
							"ServerName": "UC-EX-FE03"
						}
					],
					"DiskList": [
						{
							"ServerId": "8fe686f0-4082-4a3f-9c7e-ccfd4bcb7900",
							"Symbol": "C:",
							"FreeMB": 123423,
							"FreePct": 40.2231101989746,
							"FreeMBTimeSampled": "/Date(1525293945000)/",
							"FreePctTimeSampled": "/Date(1525293945000)/",
							"UsedMB": 183422.98826260428,
							"UsedPct": 59.7768898010254,
							"TotalMB": 306845.9882626043,
							"DiskState": 1
						}
					]
				}, {
					"PKID": "c005f6dc-8fc5-4ca5-b35d-deca15665506",
					"ServerName": "UC-EX-FE04",
					"GroupId": "45a05cda-e4a4-4cef-a194-40fb7d3c6307",
					"OrderBy": 7,
					"Features": "border-color:#00b050",
					"IsStone": false,
					"ServerState": 1,
					"FreeRAMMB": 18054,
					"FreeRAMMBTimeSampled": "/Date(1525294049000)/",
					"UsedRAMPct": 44.1945720668633,
					"UsedRAMPctTimeSampled": "/Date(1525294949857)/",
					"UsedRAMMB": 14297.691705744843,
					"FreeRAMPct": 55.8054279331367,
					"TotalRAMMB": 32351.69170574484,
					"FQDN": "UC-EX-FE04.corp.sinochem.com",
					"RAMState": 1,
					"CheckPointList": [
						{
							"PKID": "140bc2e9-5074-4173-a394-349e959b269e",
							"CheckPointName": "Exchange Services",
							"CheckPointDisplayName": "Services",
							"ObjRefIdentifier": "",
							"ServerId": "c005f6dc-8fc5-4ca5-b35d-deca15665506",
							"OrderBy": 1,
							"IconRefFlag": "service",
							"CheckPointState": 1,
							"ServerFQDN": "UC-EX-FE04.corp.sinochem.com",
							"ServerName": "UC-EX-FE04"
						}, {
							"PKID": "4507967d-193d-4e75-ab37-4e042348c595",
							"CheckPointName": "Exchange Mail Queue",
							"CheckPointDisplayName": "Mail Queue",
							"ObjRefIdentifier": "",
							"ServerId": "c005f6dc-8fc5-4ca5-b35d-deca15665506",
							"OrderBy": 2,
							"IconRefFlag": "mail",
							"CheckPointState": 1,
							"ServerFQDN": "UC-EX-FE04.corp.sinochem.com",
							"ServerName": "UC-EX-FE04"
						}, {
							"PKID": "97dbecc6-a413-4acc-8a40-8c9f0888a808",
							"CheckPointName": "Exchange OWA",
							"CheckPointDisplayName": "OWA",
							"ObjRefIdentifier": "",
							"ServerId": "c005f6dc-8fc5-4ca5-b35d-deca15665506",
							"OrderBy": 3,
							"IconRefFlag": "webend",
							"CheckPointState": 1,
							"ServerFQDN": "UC-EX-FE04.corp.sinochem.com",
							"ServerName": "UC-EX-FE04"
						}
					],
					"DiskList": [
						{
							"ServerId": "c005f6dc-8fc5-4ca5-b35d-deca15665506",
							"Symbol": "C:",
							"FreeMB": 125549,
							"FreePct": 40.9159660339355,
							"FreeMBTimeSampled": "/Date(1525294049000)/",
							"FreePctTimeSampled": "/Date(1525294049000)/",
							"UsedMB": 181296.98744624603,
							"UsedPct": 59.0840339660645,
							"TotalMB": 306845.987446246,
							"DiskState": 1
						}
					]
				}, {
					"PKID": "60e6f027-89c6-4ac5-b776-f6b48ff753c6",
					"ServerName": "UC-EX-FE05",
					"GroupId": "45a05cda-e4a4-4cef-a194-40fb7d3c6307",
					"OrderBy": 8,
					"Features": "border-color:#00b050",
					"IsStone": false,
					"ServerState": 1,
					"FreeRAMMB": 16820,
					"FreeRAMMBTimeSampled": "/Date(1525292641000)/",
					"UsedRAMPct": 49.3857036929305,
					"UsedRAMPctTimeSampled": "/Date(1525295041703)/",
					"UsedRAMMB": 16411.71757235452,
					"FreeRAMPct": 50.6142963070695,
					"TotalRAMMB": 33231.717572354515,
					"FQDN": "UC-EX-FE05.corp.sinochem.com",
					"RAMState": 1,
					"CheckPointList": [
						{
							"PKID": "40a1e927-8a2a-41ff-bcd7-b15eb64855a7",
							"CheckPointName": "Exchange Services",
							"CheckPointDisplayName": "Services",
							"ObjRefIdentifier": "",
							"ServerId": "60e6f027-89c6-4ac5-b776-f6b48ff753c6",
							"OrderBy": 1,
							"IconRefFlag": "service",
							"CheckPointState": 1,
							"ServerFQDN": "UC-EX-FE05.corp.sinochem.com",
							"ServerName": "UC-EX-FE05"
						}, {
							"PKID": "229ba49b-f484-4ee3-a7b6-d8394a478f4f",
							"CheckPointName": "Exchange Mail Queue",
							"CheckPointDisplayName": "Mail Queue",
							"ObjRefIdentifier": "",
							"ServerId": "60e6f027-89c6-4ac5-b776-f6b48ff753c6",
							"OrderBy": 2,
							"IconRefFlag": "mail",
							"CheckPointState": 1,
							"ServerFQDN": "UC-EX-FE05.corp.sinochem.com",
							"ServerName": "UC-EX-FE05"
						}, {
							"PKID": "d2f6f4a8-8e0c-4f29-a4ce-643169dab82a",
							"CheckPointName": "Exchange OWA",
							"CheckPointDisplayName": "OWA",
							"ObjRefIdentifier": "",
							"ServerId": "60e6f027-89c6-4ac5-b776-f6b48ff753c6",
							"OrderBy": 3,
							"IconRefFlag": "webend",
							"CheckPointState": 1,
							"ServerFQDN": "UC-EX-FE05.corp.sinochem.com",
							"ServerName": "UC-EX-FE05"
						}
					],
					"DiskList": [
						{
							"ServerId": "60e6f027-89c6-4ac5-b776-f6b48ff753c6",
							"Symbol": "C:",
							"FreeMB": 114724,
							"FreePct": 37.3881378173828,
							"FreeMBTimeSampled": "/Date(1525292641000)/",
							"FreePctTimeSampled": "/Date(1525292641000)/",
							"UsedMB": 192121.98564484157,
							"UsedPct": 62.6118621826172,
							"TotalMB": 306845.98564484157,
							"DiskState": 1
						}
					]
				}, {
					"PKID": "eeec5a61-e695-45c1-b832-f797d9f4a043",
					"ServerName": "UC-EX-FE06",
					"GroupId": "45a05cda-e4a4-4cef-a194-40fb7d3c6307",
					"OrderBy": 9,
					"Features": "border-color:#00b050",
					"IsStone": false,
					"ServerState": 1,
					"FreeRAMMB": 20253,
					"FreeRAMMBTimeSampled": "/Date(1525292168000)/",
					"UsedRAMPct": 38.8691607279524,
					"UsedRAMPctTimeSampled": "/Date(1525295168737)/",
					"UsedRAMMB": 12877.577366800182,
					"FreeRAMPct": 61.1308392720476,
					"TotalRAMMB": 33130.57736680018,
					"FQDN": "UC-EX-FE06.corp.sinochem.com",
					"RAMState": 1,
					"CheckPointList": [
						{
							"PKID": "9a1eadf4-905d-4a7a-99e0-e2846ecfe862",
							"CheckPointName": "Exchange Services",
							"CheckPointDisplayName": "Services",
							"ObjRefIdentifier": "",
							"ServerId": "eeec5a61-e695-45c1-b832-f797d9f4a043",
							"OrderBy": 1,
							"IconRefFlag": "service",
							"CheckPointState": 1,
							"ServerFQDN": "UC-EX-FE06.corp.sinochem.com",
							"ServerName": "UC-EX-FE06"
						}, {
							"PKID": "86961496-069c-4742-8ec1-de889aa8bc0c",
							"CheckPointName": "Exchange Mail Queue",
							"CheckPointDisplayName": "Mail Queue",
							"ObjRefIdentifier": "",
							"ServerId": "eeec5a61-e695-45c1-b832-f797d9f4a043",
							"OrderBy": 2,
							"IconRefFlag": "mail",
							"CheckPointState": 1,
							"ServerFQDN": "UC-EX-FE06.corp.sinochem.com",
							"ServerName": "UC-EX-FE06"
						}, {
							"PKID": "78bff4b4-ea7f-4d40-875f-b312c5424260",
							"CheckPointName": "Exchange OWA",
							"CheckPointDisplayName": "OWA",
							"ObjRefIdentifier": "",
							"ServerId": "eeec5a61-e695-45c1-b832-f797d9f4a043",
							"OrderBy": 3,
							"IconRefFlag": "webend",
							"CheckPointState": 1,
							"ServerFQDN": "UC-EX-FE06.corp.sinochem.com",
							"ServerName": "UC-EX-FE06"
						}
					],
					"DiskList": [
						{
							"ServerId": "eeec5a61-e695-45c1-b832-f797d9f4a043",
							"Symbol": "C:",
							"FreeMB": 173517,
							"FreePct": 56.5485610961914,
							"FreeMBTimeSampled": "/Date(1525292168000)/",
							"FreePctTimeSampled": "/Date(1525292168000)/",
							"UsedMB": 133329.0039236729,
							"UsedPct": 43.4514389038086,
							"TotalMB": 306846.0039236729,
							"DiskState": 1
						}
					]
				}
			]
		}, {
			"PKID": "294fd8ff-c44b-427e-90ac-1dc3e54a9ae6",
			"TopographyID": "66f918b8-542b-43eb-bd25-d23bea72042b",
			"OrderBy": 2,
			"GroupName": "",
			"Features": "",
			"ServerList": [
				{
					"PKID": "3e3d8473-0f45-4984-b5cf-02190fff5741",
					"ServerName": "UC-EX-FE01-B",
					"GroupId": "294fd8ff-c44b-427e-90ac-1dc3e54a9ae6",
					"OrderBy": 1,
					"Features": "border-color:#00b0f0",
					"IsStone": false,
					"ServerState": 1,
					"FreeRAMMB": 21384,
					"FreeRAMMBTimeSampled": "/Date(1525292266000)/",
					"UsedRAMPct": 34.798043979467,
					"UsedRAMPctTimeSampled": "/Date(1525294966977)/",
					"UsedRAMMB": 11412.562105078385,
					"FreeRAMPct": 65.201956020533,
					"TotalRAMMB": 32796.56210507838,
					"FQDN": "UC-EX-FE01-B.corp.sinochem.com",
					"RAMState": 1,
					"CheckPointList": [
						{
							"PKID": "46e5beff-52e1-41a1-953b-180749a7427b",
							"CheckPointName": "Exchange Services",
							"CheckPointDisplayName": "Services",
							"ObjRefIdentifier": "",
							"ServerId": "3e3d8473-0f45-4984-b5cf-02190fff5741",
							"OrderBy": 1,
							"IconRefFlag": "service",
							"CheckPointState": 1,
							"ServerFQDN": "UC-EX-FE01-B.corp.sinochem.com",
							"ServerName": "UC-EX-FE01-B"
						}, {
							"PKID": "94e2aa78-69af-4738-90d5-624405c9ae6e",
							"CheckPointName": "Exchange Mail Queue",
							"CheckPointDisplayName": "Mail Queue",
							"ObjRefIdentifier": "",
							"ServerId": "3e3d8473-0f45-4984-b5cf-02190fff5741",
							"OrderBy": 2,
							"IconRefFlag": "mail",
							"CheckPointState": 1,
							"ServerFQDN": "UC-EX-FE01-B.corp.sinochem.com",
							"ServerName": "UC-EX-FE01-B"
						}, {
							"PKID": "cdd6e2ec-5c41-41a1-a2b0-71ad6548a927",
							"CheckPointName": "Exchange OWA",
							"CheckPointDisplayName": "OWA",
							"ObjRefIdentifier": "",
							"ServerId": "3e3d8473-0f45-4984-b5cf-02190fff5741",
							"OrderBy": 3,
							"IconRefFlag": "webend",
							"CheckPointState": 1,
							"ServerFQDN": "UC-EX-FE01-B.corp.sinochem.com",
							"ServerName": "UC-EX-FE01-B"
						}
					],
					"DiskList": [
						{
							"ServerId": "3e3d8473-0f45-4984-b5cf-02190fff5741",
							"Symbol": "C:",
							"FreeMB": 139638,
							"FreePct": 45.5075187683105,
							"FreeMBTimeSampled": "/Date(1525292266000)/",
							"FreePctTimeSampled": "/Date(1525292266000)/",
							"UsedMB": 167207.9977150808,
							"UsedPct": 54.4924812316895,
							"TotalMB": 306845.9977150808,
							"DiskState": 1
						}
					]
				}, {
					"PKID": "7317bac6-a2fe-4737-9ee2-61d3e107f733",
					"ServerName": "UC-EX-FE02-B",
					"GroupId": "294fd8ff-c44b-427e-90ac-1dc3e54a9ae6",
					"OrderBy": 2,
					"Features": "border-color:#00b0f0",
					"IsStone": false,
					"ServerState": 1,
					"FreeRAMMB": 22642,
					"FreeRAMMBTimeSampled": "/Date(1525292189000)/",
					"UsedRAMPct": 31.2152170958674,
					"UsedRAMPctTimeSampled": "/Date(1525295189597)/",
					"UsedRAMMB": 10275.164297162686,
					"FreeRAMPct": 68.7847829041326,
					"TotalRAMMB": 32917.164297162686,
					"FQDN": "UC-EX-FE02-B.corp.sinochem.com",
					"RAMState": 1,
					"CheckPointList": [
						{
							"PKID": "545358d6-a54b-44d7-b13b-cdee5bf6611f",
							"CheckPointName": "Exchange Services",
							"CheckPointDisplayName": "Services",
							"ObjRefIdentifier": "",
							"ServerId": "7317bac6-a2fe-4737-9ee2-61d3e107f733",
							"OrderBy": 1,
							"IconRefFlag": "service",
							"CheckPointState": 1,
							"ServerFQDN": "UC-EX-FE02-B.corp.sinochem.com",
							"ServerName": "UC-EX-FE02-B"
						}, {
							"PKID": "177690d3-839d-40e8-afc4-ac034884cb53",
							"CheckPointName": "Exchange Mail Queue",
							"CheckPointDisplayName": "Mail Queue",
							"ObjRefIdentifier": "",
							"ServerId": "7317bac6-a2fe-4737-9ee2-61d3e107f733",
							"OrderBy": 2,
							"IconRefFlag": "mail",
							"CheckPointState": 1,
							"ServerFQDN": "UC-EX-FE02-B.corp.sinochem.com",
							"ServerName": "UC-EX-FE02-B"
						}, {
							"PKID": "c7c09bbb-ad82-491b-a635-4c9ae735ada6",
							"CheckPointName": "Exchange OWA",
							"CheckPointDisplayName": "OWA",
							"ObjRefIdentifier": "",
							"ServerId": "7317bac6-a2fe-4737-9ee2-61d3e107f733",
							"OrderBy": 3,
							"IconRefFlag": "webend",
							"CheckPointState": 1,
							"ServerFQDN": "UC-EX-FE02-B.corp.sinochem.com",
							"ServerName": "UC-EX-FE02-B"
						}
					],
					"DiskList": [
						{
							"ServerId": "7317bac6-a2fe-4737-9ee2-61d3e107f733",
							"Symbol": "C:",
							"FreeMB": 175297,
							"FreePct": 57.1286582946777,
							"FreeMBTimeSampled": "/Date(1525292189000)/",
							"FreePctTimeSampled": "/Date(1525292189000)/",
							"UsedMB": 131548.99504471692,
							"UsedPct": 42.8713417053223,
							"TotalMB": 306845.9950447169,
							"DiskState": 1
						}
					]
				}, {
					"PKID": "bba7bc1e-56d1-488c-b16e-69af03a497b6",
					"ServerName": "UC-EX-FE03-B",
					"GroupId": "294fd8ff-c44b-427e-90ac-1dc3e54a9ae6",
					"OrderBy": 3,
					"Features": "border-color:#00b0f0",
					"IsStone": false,
					"ServerState": 1,
					"FreeRAMMB": 22751,
					"FreeRAMMBTimeSampled": "/Date(1525292121000)/",
					"UsedRAMPct": 30.2996735992065,
					"UsedRAMPctTimeSampled": "/Date(1525295121803)/",
					"UsedRAMMB": 9890.1670860425,
					"FreeRAMPct": 69.7003264007935,
					"TotalRAMMB": 32641.1670860425,
					"FQDN": "UC-EX-FE03-B.corp.sinochem.com",
					"RAMState": 1,
					"CheckPointList": [
						{
							"PKID": "b54732eb-d6b1-464f-88b7-a99eab5e872f",
							"CheckPointName": "Exchange Services",
							"CheckPointDisplayName": "Services",
							"ObjRefIdentifier": "",
							"ServerId": "bba7bc1e-56d1-488c-b16e-69af03a497b6",
							"OrderBy": 1,
							"IconRefFlag": "service",
							"CheckPointState": 1,
							"ServerFQDN": "UC-EX-FE03-B.corp.sinochem.com",
							"ServerName": "UC-EX-FE03-B"
						}, {
							"PKID": "db3217e3-1bc3-4767-8b0b-e92edf1f8fd0",
							"CheckPointName": "Exchange Mail Queue",
							"CheckPointDisplayName": "Mail Queue",
							"ObjRefIdentifier": "",
							"ServerId": "bba7bc1e-56d1-488c-b16e-69af03a497b6",
							"OrderBy": 2,
							"IconRefFlag": "mail",
							"CheckPointState": 1,
							"ServerFQDN": "UC-EX-FE03-B.corp.sinochem.com",
							"ServerName": "UC-EX-FE03-B"
						}, {
							"PKID": "85cafacb-bce6-4e4a-a60a-3ca15f33d997",
							"CheckPointName": "Exchange OWA",
							"CheckPointDisplayName": "OWA",
							"ObjRefIdentifier": "",
							"ServerId": "bba7bc1e-56d1-488c-b16e-69af03a497b6",
							"OrderBy": 3,
							"IconRefFlag": "webend",
							"CheckPointState": 1,
							"ServerFQDN": "UC-EX-FE03-B.corp.sinochem.com",
							"ServerName": "UC-EX-FE03-B"
						}
					],
					"DiskList": [
						{
							"ServerId": "bba7bc1e-56d1-488c-b16e-69af03a497b6",
							"Symbol": "C:",
							"FreeMB": 197326,
							"FreePct": 64.3078308105469,
							"FreeMBTimeSampled": "/Date(1525292121000)/",
							"FreePctTimeSampled": "/Date(1525292121000)/",
							"UsedMB": 109519.98984737834,
							"UsedPct": 35.6921691894531,
							"TotalMB": 306845.98984737834,
							"DiskState": 1
						}
					]
				}, {
					"PKID": "15a94714-c80e-48fb-bd32-9b04d7f60491",
					"ServerName": "UC-EX-FE04-B",
					"GroupId": "294fd8ff-c44b-427e-90ac-1dc3e54a9ae6",
					"OrderBy": 4,
					"Features": "border-color:#00b0f0",
					"IsStone": false,
					"ServerState": 1,
					"FreeRAMMB": 21315,
					"FreeRAMMBTimeSampled": "/Date(1525294980000)/",
					"UsedRAMPct": 35.0177744186657,
					"UsedRAMPctTimeSampled": "/Date(1525294080360)/",
					"UsedRAMMB": 11486.277286696362,
					"FreeRAMPct": 64.98222558133429,
					"TotalRAMMB": 32801.277286696364,
					"FQDN": "UC-EX-FE04-B.corp.sinochem.com",
					"RAMState": 1,
					"CheckPointList": [
						{
							"PKID": "d356029d-d53b-478a-9f96-0142fc8114f7",
							"CheckPointName": "Exchange Services",
							"CheckPointDisplayName": "Services",
							"ObjRefIdentifier": "",
							"ServerId": "15a94714-c80e-48fb-bd32-9b04d7f60491",
							"OrderBy": 1,
							"IconRefFlag": "service",
							"CheckPointState": 1,
							"ServerFQDN": "UC-EX-FE04-B.corp.sinochem.com",
							"ServerName": "UC-EX-FE04-B"
						}, {
							"PKID": "5341d9d0-4f36-4021-9cd5-d118c6795a6a",
							"CheckPointName": "Exchange Mail Queue",
							"CheckPointDisplayName": "Mail Queue",
							"ObjRefIdentifier": "",
							"ServerId": "15a94714-c80e-48fb-bd32-9b04d7f60491",
							"OrderBy": 2,
							"IconRefFlag": "mail",
							"CheckPointState": 1,
							"ServerFQDN": "UC-EX-FE04-B.corp.sinochem.com",
							"ServerName": "UC-EX-FE04-B"
						}, {
							"PKID": "7622599b-39f4-450d-a43a-806221276c01",
							"CheckPointName": "Exchange OWA",
							"CheckPointDisplayName": "OWA",
							"ObjRefIdentifier": "",
							"ServerId": "15a94714-c80e-48fb-bd32-9b04d7f60491",
							"OrderBy": 3,
							"IconRefFlag": "webend",
							"CheckPointState": 1,
							"ServerFQDN": "UC-EX-FE04-B.corp.sinochem.com",
							"ServerName": "UC-EX-FE04-B"
						}
					],
					"DiskList": [
						{
							"ServerId": "15a94714-c80e-48fb-bd32-9b04d7f60491",
							"Symbol": "C:",
							"FreeMB": 165810,
							"FreePct": 54.0368766784668,
							"FreeMBTimeSampled": "/Date(1525294980000)/",
							"FreePctTimeSampled": "/Date(1525294980000)/",
							"UsedMB": 141036.00996947289,
							"UsedPct": 45.9631233215332,
							"TotalMB": 306846.0099694729,
							"DiskState": 1
						}
					]
				}, {
					"PKID": "4bf1d0de-00af-4bd9-b184-c17a53a4f04b",
					"ServerName": "UC-EX-FE05-B",
					"GroupId": "294fd8ff-c44b-427e-90ac-1dc3e54a9ae6",
					"OrderBy": 5,
					"Features": "border-color:#00b0f0",
					"IsStone": false,
					"ServerState": 1,
					"FreeRAMMB": 22048,
					"FreeRAMMBTimeSampled": "/Date(1525292127000)/",
					"UsedRAMPct": 32.7807964751575,
					"UsedRAMPctTimeSampled": "/Date(1525294827533)/",
					"UsedRAMMB": 10752.150617452085,
					"FreeRAMPct": 67.2192035248425,
					"TotalRAMMB": 32800.150617452084,
					"FQDN": "UC-EX-FE05-B.corp.sinochem.com",
					"RAMState": 1,
					"CheckPointList": [
						{
							"PKID": "2236ba96-ec16-45aa-b206-714373038212",
							"CheckPointName": "Exchange Services",
							"CheckPointDisplayName": "Services",
							"ObjRefIdentifier": "",
							"ServerId": "4bf1d0de-00af-4bd9-b184-c17a53a4f04b",
							"OrderBy": 1,
							"IconRefFlag": "service",
							"CheckPointState": 1,
							"ServerFQDN": "UC-EX-FE05-B.corp.sinochem.com",
							"ServerName": "UC-EX-FE05-B"
						}, {
							"PKID": "65a7a02a-3d42-452a-a2c4-372344d7d6aa",
							"CheckPointName": "Exchange Mail Queue",
							"CheckPointDisplayName": "Mail Queue",
							"ObjRefIdentifier": "",
							"ServerId": "4bf1d0de-00af-4bd9-b184-c17a53a4f04b",
							"OrderBy": 2,
							"IconRefFlag": "mail",
							"CheckPointState": 1,
							"ServerFQDN": "UC-EX-FE05-B.corp.sinochem.com",
							"ServerName": "UC-EX-FE05-B"
						}, {
							"PKID": "d8ed9172-79f1-4b1d-af28-9ce2bbf9ea80",
							"CheckPointName": "Exchange OWA",
							"CheckPointDisplayName": "OWA",
							"ObjRefIdentifier": "",
							"ServerId": "4bf1d0de-00af-4bd9-b184-c17a53a4f04b",
							"OrderBy": 3,
							"IconRefFlag": "webend",
							"CheckPointState": 1,
							"ServerFQDN": "UC-EX-FE05-B.corp.sinochem.com",
							"ServerName": "UC-EX-FE05-B"
						}
					],
					"DiskList": [
						{
							"ServerId": "4bf1d0de-00af-4bd9-b184-c17a53a4f04b",
							"Symbol": "C:",
							"FreeMB": 188115,
							"FreePct": 61.3059959411621,
							"FreeMBTimeSampled": "/Date(1525292127000)/",
							"FreePctTimeSampled": "/Date(1525292128000)/",
							"UsedMB": 118731.00602613442,
							"UsedPct": 38.6940040588379,
							"TotalMB": 306846.0060261344,
							"DiskState": 1
						}
					]
				}
			]
		}, {
			"PKID": "75569229-9f42-4390-aa36-ff9131fdf8f9",
			"TopographyID": "66f918b8-542b-43eb-bd25-d23bea72042b",
			"OrderBy": 3,
			"GroupName": "",
			"Features": "",
			"ServerList": [
				{
					"PKID": "2b81f25d-8053-480f-9785-299f6c653482",
					"ServerName": "UC-EX-BE01",
					"GroupId": "75569229-9f42-4390-aa36-ff9131fdf8f9",
					"OrderBy": 1,
					"Features": "border-color:#00b050",
					"IsStone": false,
					"ServerState": 2,
					"FreeRAMMB": 71987,
					"FreeRAMMBTimeSampled": "/Date(1525294465000)/",
					"UsedRAMPct": 44.8751925655935,
					"UsedRAMPctTimeSampled": "/Date(1525295065353)/",
					"UsedRAMMB": 58602.11831240041,
					"FreeRAMPct": 55.1248074344065,
					"TotalRAMMB": 130589.11831240042,
					"FQDN": "UC-EX-BE01.corp.sinochem.com",
					"RAMState": 1,
					"CheckPointList": [
						{
							"PKID": "5d6c9e7f-e0d3-42b3-8369-b6c722a7615f",
							"CheckPointName": "Exchange Services",
							"CheckPointDisplayName": "Services",
							"ObjRefIdentifier": "",
							"ServerId": "2b81f25d-8053-480f-9785-299f6c653482",
							"OrderBy": 1,
							"IconRefFlag": "service",
							"CheckPointState": 1,
							"ServerFQDN": "UC-EX-BE01.corp.sinochem.com",
							"ServerName": "UC-EX-BE01"
						}, {
							"PKID": "80613889-2a4a-45be-ac3b-ba8d18954851",
							"CheckPointName": "Exchange Mail Queue",
							"CheckPointDisplayName": "Mail Queue",
							"ObjRefIdentifier": "",
							"ServerId": "2b81f25d-8053-480f-9785-299f6c653482",
							"OrderBy": 2,
							"IconRefFlag": "mail",
							"CheckPointState": 1,
							"ServerFQDN": "UC-EX-BE01.corp.sinochem.com",
							"ServerName": "UC-EX-BE01"
						}, {
							"PKID": "c5c07758-b1ae-4f95-8f33-0af26223e7cb",
							"CheckPointName": "Exchange Cluster",
							"CheckPointDisplayName": "Cluster",
							"ObjRefIdentifier": "",
							"ServerId": "2b81f25d-8053-480f-9785-299f6c653482",
							"OrderBy": 3,
							"IconRefFlag": "cluster",
							"CheckPointState": 1,
							"ServerFQDN": "UC-EX-BE01.corp.sinochem.com",
							"ServerName": "UC-EX-BE01"
						}
					],
					"DiskList": [
						{
							"ServerId": "2b81f25d-8053-480f-9785-299f6c653482",
							"Symbol": "C:",
							"FreeMB": 124129,
							"FreePct": 60.4266357421875,
							"FreeMBTimeSampled": "/Date(1525294465000)/",
							"FreePctTimeSampled": "/Date(1525294465000)/",
							"UsedMB": 81292.00097976832,
							"UsedPct": 39.5733642578125,
							"TotalMB": 205421.00097976832,
							"DiskState": 1
						}, {
							"ServerId": "2b81f25d-8053-480f-9785-299f6c653482",
							"Symbol": "D:",
							"FreeMB": 52104,
							"FreePct": 14.2930030822754,
							"FreeMBTimeSampled": "/Date(1525294465000)/",
							"FreePctTimeSampled": "/Date(1525294465000)/",
							"UsedMB": 312438.0049241689,
							"UsedPct": 85.7069969177246,
							"TotalMB": 364542.0049241689,
							"DiskState": 2
						}, {
							"ServerId": "2b81f25d-8053-480f-9785-299f6c653482",
							"Symbol": "E:",
							"FreeMB": 10195,
							"FreePct": 99.5702667236328,
							"FreeMBTimeSampled": "/Date(1525294465000)/",
							"FreePctTimeSampled": "/Date(1525294465000)/",
							"UsedMB": 44.000391851153836,
							"UsedPct": 0.4297332763672017,
							"TotalMB": 10239.000391851154,
							"DiskState": 1
						}
					]
				}, {
					"PKID": "1431826a-ba68-46cc-8860-2b7fc413591c",
					"ServerName": "UC-EX-BE02",
					"GroupId": "75569229-9f42-4390-aa36-ff9131fdf8f9",
					"OrderBy": 2,
					"Features": "border-color:#00b050",
					"IsStone": false,
					"ServerState": 2,
					"FreeRAMMB": 66663,
					"FreeRAMMBTimeSampled": "/Date(1525292501000)/",
					"UsedRAMPct": 48.5425601535916,
					"UsedRAMPctTimeSampled": "/Date(1525294902073)/",
					"UsedRAMMB": 62886.779777185926,
					"FreeRAMPct": 51.4574398464084,
					"TotalRAMMB": 129549.77977718592,
					"FQDN": "UC-EX-BE02.corp.sinochem.com",
					"RAMState": 1,
					"CheckPointList": [
						{
							"PKID": "384865e8-fc24-4d0b-b223-f399d1da52e1",
							"CheckPointName": "Exchange Services",
							"CheckPointDisplayName": "Services",
							"ObjRefIdentifier": "",
							"ServerId": "1431826a-ba68-46cc-8860-2b7fc413591c",
							"OrderBy": 1,
							"IconRefFlag": "service",
							"CheckPointState": 1,
							"ServerFQDN": "UC-EX-BE02.corp.sinochem.com",
							"ServerName": "UC-EX-BE02"
						}, {
							"PKID": "4f617517-fae4-4669-8cf5-0a3d4e5ef777",
							"CheckPointName": "Exchange Mail Queue",
							"CheckPointDisplayName": "Mail Queue",
							"ObjRefIdentifier": "",
							"ServerId": "1431826a-ba68-46cc-8860-2b7fc413591c",
							"OrderBy": 2,
							"IconRefFlag": "mail",
							"CheckPointState": 1,
							"ServerFQDN": "UC-EX-BE02.corp.sinochem.com",
							"ServerName": "UC-EX-BE02"
						}, {
							"PKID": "0d1fe913-2f91-4b13-ba23-cd8968f4cc32",
							"CheckPointName": "Exchange Cluster",
							"CheckPointDisplayName": "Cluster",
							"ObjRefIdentifier": "",
							"ServerId": "1431826a-ba68-46cc-8860-2b7fc413591c",
							"OrderBy": 3,
							"IconRefFlag": "cluster",
							"CheckPointState": 1,
							"ServerFQDN": "UC-EX-BE02.corp.sinochem.com",
							"ServerName": "UC-EX-BE02"
						}
					],
					"DiskList": [
						{
							"ServerId": "1431826a-ba68-46cc-8860-2b7fc413591c",
							"Symbol": "C:",
							"FreeMB": 122402,
							"FreePct": 59.5859222412109,
							"FreeMBTimeSampled": "/Date(1525292501000)/",
							"FreePctTimeSampled": "/Date(1525292501000)/",
							"UsedMB": 83019.00448576116,
							"UsedPct": 40.4140777587891,
							"TotalMB": 205421.00448576116,
							"DiskState": 1
						}, {
							"ServerId": "1431826a-ba68-46cc-8860-2b7fc413591c",
							"Symbol": "D:",
							"FreeMB": 45194,
							"FreePct": 12.3974742889404,
							"FreeMBTimeSampled": "/Date(1525292501000)/",
							"FreePctTimeSampled": "/Date(1525292501000)/",
							"UsedMB": 319347.9941730945,
							"UsedPct": 87.6025257110596,
							"TotalMB": 364541.9941730945,
							"DiskState": 2
						}, {
							"ServerId": "1431826a-ba68-46cc-8860-2b7fc413591c",
							"Symbol": "E:",
							"FreeMB": 10195,
							"FreePct": 99.5702667236328,
							"FreeMBTimeSampled": "/Date(1525292501000)/",
							"FreePctTimeSampled": "/Date(1525292501000)/",
							"UsedMB": 44.000391851153836,
							"UsedPct": 0.4297332763672017,
							"TotalMB": 10239.000391851154,
							"DiskState": 1
						}
					]
				}, {
					"PKID": "72815d57-43a8-4132-88d7-57f26b7eb804",
					"ServerName": "UC-EX-BE03",
					"GroupId": "75569229-9f42-4390-aa36-ff9131fdf8f9",
					"OrderBy": 3,
					"Features": "border-color:#00b050",
					"IsStone": false,
					"ServerState": 2,
					"FreeRAMMB": 71438,
					"FreeRAMMBTimeSampled": "/Date(1525292112000)/",
					"UsedRAMPct": 44.9179130693969,
					"UsedRAMPctTimeSampled": "/Date(1525295112663)/",
					"UsedRAMMB": 58255.70621342545,
					"FreeRAMPct": 55.0820869306031,
					"TotalRAMMB": 129693.70621342544,
					"FQDN": "UC-EX-BE03.corp.sinochem.com",
					"RAMState": 1,
					"CheckPointList": [
						{
							"PKID": "6a2530b2-df25-4f66-8d91-28b93d1e42df",
							"CheckPointName": "Exchange Services",
							"CheckPointDisplayName": "Services",
							"ObjRefIdentifier": "",
							"ServerId": "72815d57-43a8-4132-88d7-57f26b7eb804",
							"OrderBy": 1,
							"IconRefFlag": "service",
							"CheckPointState": 1,
							"ServerFQDN": "UC-EX-BE03.corp.sinochem.com",
							"ServerName": "UC-EX-BE03"
						}, {
							"PKID": "4857aa76-bb88-44eb-b85c-99bf1d628aef",
							"CheckPointName": "Exchange Mail Queue",
							"CheckPointDisplayName": "Mail Queue",
							"ObjRefIdentifier": "",
							"ServerId": "72815d57-43a8-4132-88d7-57f26b7eb804",
							"OrderBy": 2,
							"IconRefFlag": "mail",
							"CheckPointState": 1,
							"ServerFQDN": "UC-EX-BE03.corp.sinochem.com",
							"ServerName": "UC-EX-BE03"
						}, {
							"PKID": "0527db9b-0c4e-44d6-9559-d2a9dbc57dcc",
							"CheckPointName": "Exchange Cluster",
							"CheckPointDisplayName": "Cluster",
							"ObjRefIdentifier": "",
							"ServerId": "72815d57-43a8-4132-88d7-57f26b7eb804",
							"OrderBy": 3,
							"IconRefFlag": "cluster",
							"CheckPointState": 1,
							"ServerFQDN": "UC-EX-BE03.corp.sinochem.com",
							"ServerName": "UC-EX-BE03"
						}
					],
					"DiskList": [
						{
							"ServerId": "72815d57-43a8-4132-88d7-57f26b7eb804",
							"Symbol": "C:",
							"FreeMB": 124755,
							"FreePct": 60.7313766479492,
							"FreeMBTimeSampled": "/Date(1525292112000)/",
							"FreePctTimeSampled": "/Date(1525292112000)/",
							"UsedMB": 80665.99798459414,
							"UsedPct": 39.2686233520508,
							"TotalMB": 205420.99798459414,
							"DiskState": 1
						}, {
							"ServerId": "72815d57-43a8-4132-88d7-57f26b7eb804",
							"Symbol": "D:",
							"FreeMB": 45957,
							"FreePct": 12.6067781448364,
							"FreeMBTimeSampled": "/Date(1525292112000)/",
							"FreePctTimeSampled": "/Date(1525292112000)/",
							"UsedMB": 318584.9906022816,
							"UsedPct": 87.3932218551636,
							"TotalMB": 364541.9906022816,
							"DiskState": 2
						}, {
							"ServerId": "72815d57-43a8-4132-88d7-57f26b7eb804",
							"Symbol": "E:",
							"FreeMB": 10196,
							"FreePct": 99.5800399780273,
							"FreeMBTimeSampled": "/Date(1525292112000)/",
							"FreePctTimeSampled": "/Date(1525292112000)/",
							"UsedMB": 42.999705412636104,
							"UsedPct": 0.4199600219726989,
							"TotalMB": 10238.999705412636,
							"DiskState": 1
						}
					]
				}, {
					"PKID": "de9b1de1-0c6e-4c49-8387-8785e629091b",
					"ServerName": "UC-EX-BE04",
					"GroupId": "75569229-9f42-4390-aa36-ff9131fdf8f9",
					"OrderBy": 4,
					"Features": "border-color:#00b050",
					"IsStone": false,
					"ServerState": 2,
					"FreeRAMMB": 75644,
					"FreeRAMMBTimeSampled": "/Date(1525295138000)/",
					"UsedRAMPct": 41.9457509874169,
					"UsedRAMPctTimeSampled": "/Date(1525294838443)/",
					"UsedRAMMB": 54654.81754840093,
					"FreeRAMPct": 58.0542490125831,
					"TotalRAMMB": 130298.81754840094,
					"FQDN": "UC-EX-BE04.corp.sinochem.com",
					"RAMState": 1,
					"CheckPointList": [
						{
							"PKID": "d4f586a2-1a13-492e-a8d7-ff6b60b75a0d",
							"CheckPointName": "Exchange Services",
							"CheckPointDisplayName": "Services",
							"ObjRefIdentifier": "",
							"ServerId": "de9b1de1-0c6e-4c49-8387-8785e629091b",
							"OrderBy": 1,
							"IconRefFlag": "service",
							"CheckPointState": 1,
							"ServerFQDN": "UC-EX-BE04.corp.sinochem.com",
							"ServerName": "UC-EX-BE04"
						}, {
							"PKID": "3f6bbfa2-26d0-4157-b5a3-1ba34ea949a3",
							"CheckPointName": "Exchange Mail Queue",
							"CheckPointDisplayName": "Mail Queue",
							"ObjRefIdentifier": "",
							"ServerId": "de9b1de1-0c6e-4c49-8387-8785e629091b",
							"OrderBy": 2,
							"IconRefFlag": "mail",
							"CheckPointState": 1,
							"ServerFQDN": "UC-EX-BE04.corp.sinochem.com",
							"ServerName": "UC-EX-BE04"
						}, {
							"PKID": "1729a5dd-9af0-4071-af2e-767315ea9374",
							"CheckPointName": "Exchange Cluster",
							"CheckPointDisplayName": "Cluster",
							"ObjRefIdentifier": "",
							"ServerId": "de9b1de1-0c6e-4c49-8387-8785e629091b",
							"OrderBy": 3,
							"IconRefFlag": "cluster",
							"CheckPointState": 1,
							"ServerFQDN": "UC-EX-BE04.corp.sinochem.com",
							"ServerName": "UC-EX-BE04"
						}
					],
					"DiskList": [
						{
							"ServerId": "de9b1de1-0c6e-4c49-8387-8785e629091b",
							"Symbol": "C:",
							"FreeMB": 143926,
							"FreePct": 70.0639190673828,
							"FreeMBTimeSampled": "/Date(1525295138000)/",
							"FreePctTimeSampled": "/Date(1525295138000)/",
							"UsedMB": 61494.9954507135,
							"UsedPct": 29.9360809326172,
							"TotalMB": 205420.9954507135,
							"DiskState": 1
						}, {
							"ServerId": "de9b1de1-0c6e-4c49-8387-8785e629091b",
							"Symbol": "D:",
							"FreeMB": 49799,
							"FreePct": 13.6607027053833,
							"FreeMBTimeSampled": "/Date(1525295138000)/",
							"FreePctTimeSampled": "/Date(1525295138000)/",
							"UsedMB": 314743.00837249466,
							"UsedPct": 86.3392972946167,
							"TotalMB": 364542.00837249466,
							"DiskState": 2
						}, {
							"ServerId": "de9b1de1-0c6e-4c49-8387-8785e629091b",
							"Symbol": "E:",
							"FreeMB": 10196,
							"FreePct": 99.5800399780273,
							"FreeMBTimeSampled": "/Date(1525295138000)/",
							"FreePctTimeSampled": "/Date(1525295138000)/",
							"UsedMB": 42.999705412636104,
							"UsedPct": 0.4199600219726989,
							"TotalMB": 10238.999705412636,
							"DiskState": 1
						}
					]
				}, {
					"PKID": "8ce52449-3f87-4de4-b320-bc9be559c65e",
					"ServerName": "UC-EX-BE05",
					"GroupId": "75569229-9f42-4390-aa36-ff9131fdf8f9",
					"OrderBy": 5,
					"Features": "border-color:#00b050",
					"IsStone": false,
					"ServerState": 2,
					"FreeRAMMB": 74677,
					"FreeRAMMBTimeSampled": "/Date(1525292803000)/",
					"UsedRAMPct": 42.2901624941537,
					"UsedRAMPctTimeSampled": "/Date(1525295203233)/",
					"UsedRAMMB": 54723.8148826183,
					"FreeRAMPct": 57.7098375058463,
					"TotalRAMMB": 129400.81488261829,
					"FQDN": "UC-EX-BE05.corp.sinochem.com",
					"RAMState": 1,
					"CheckPointList": [
						{
							"PKID": "ca47550b-9275-48ec-8ace-6cf4c631c631",
							"CheckPointName": "Exchange Services",
							"CheckPointDisplayName": "Services",
							"ObjRefIdentifier": "",
							"ServerId": "8ce52449-3f87-4de4-b320-bc9be559c65e",
							"OrderBy": 1,
							"IconRefFlag": "service",
							"CheckPointState": 1,
							"ServerFQDN": "UC-EX-BE05.corp.sinochem.com",
							"ServerName": "UC-EX-BE05"
						}, {
							"PKID": "1c6f8252-5b19-4093-ad63-42548476d2ff",
							"CheckPointName": "Exchange Mail Queue",
							"CheckPointDisplayName": "Mail Queue",
							"ObjRefIdentifier": "",
							"ServerId": "8ce52449-3f87-4de4-b320-bc9be559c65e",
							"OrderBy": 2,
							"IconRefFlag": "mail",
							"CheckPointState": 1,
							"ServerFQDN": "UC-EX-BE05.corp.sinochem.com",
							"ServerName": "UC-EX-BE05"
						}, {
							"PKID": "e5ba418a-e13c-4a6b-b01f-25dfeed280ca",
							"CheckPointName": "Exchange Cluster",
							"CheckPointDisplayName": "Cluster",
							"ObjRefIdentifier": "",
							"ServerId": "8ce52449-3f87-4de4-b320-bc9be559c65e",
							"OrderBy": 3,
							"IconRefFlag": "cluster",
							"CheckPointState": 1,
							"ServerFQDN": "UC-EX-BE05.corp.sinochem.com",
							"ServerName": "UC-EX-BE05"
						}
					],
					"DiskList": [
						{
							"ServerId": "8ce52449-3f87-4de4-b320-bc9be559c65e",
							"Symbol": "C:",
							"FreeMB": 129883,
							"FreePct": 63.2277145385742,
							"FreeMBTimeSampled": "/Date(1525292803000)/",
							"FreePctTimeSampled": "/Date(1525292803000)/",
							"UsedMB": 75537.99449247133,
							"UsedPct": 36.7722854614258,
							"TotalMB": 205420.99449247133,
							"DiskState": 1
						}, {
							"ServerId": "8ce52449-3f87-4de4-b320-bc9be559c65e",
							"Symbol": "D:",
							"FreeMB": 57793,
							"FreePct": 15.8535919189453,
							"FreeMBTimeSampled": "/Date(1525292803000)/",
							"FreePctTimeSampled": "/Date(1525292803000)/",
							"UsedMB": 306748.9933569529,
							"UsedPct": 84.1464080810547,
							"TotalMB": 364541.9933569529,
							"DiskState": 2
						}, {
							"ServerId": "8ce52449-3f87-4de4-b320-bc9be559c65e",
							"Symbol": "E:",
							"FreeMB": 10196,
							"FreePct": 99.5800399780273,
							"FreeMBTimeSampled": "/Date(1525292803000)/",
							"FreePctTimeSampled": "/Date(1525292803000)/",
							"UsedMB": 42.999705412636104,
							"UsedPct": 0.4199600219726989,
							"TotalMB": 10238.999705412636,
							"DiskState": 1
						}
					]
				}, {
					"PKID": "1e1f1f53-17da-482b-a00c-cc7c4cadeafa",
					"ServerName": "UC-EX-BE06",
					"GroupId": "75569229-9f42-4390-aa36-ff9131fdf8f9",
					"OrderBy": 6,
					"Features": "border-color:#00b050",
					"IsStone": false,
					"ServerState": 2,
					"FreeRAMMB": 74670,
					"FreeRAMMBTimeSampled": "/Date(1525292686000)/",
					"UsedRAMPct": 42.5164485093094,
					"UsedRAMPctTimeSampled": "/Date(1525295086937)/",
					"UsedRAMMB": 55228.02832918687,
					"FreeRAMPct": 57.4835514906906,
					"TotalRAMMB": 129898.02832918688,
					"FQDN": "UC-EX-BE06.corp.sinochem.com",
					"RAMState": 1,
					"CheckPointList": [
						{
							"PKID": "267672cd-6c27-45e8-92b9-b1059c5e899b",
							"CheckPointName": "Exchange Services",
							"CheckPointDisplayName": "Services",
							"ObjRefIdentifier": "",
							"ServerId": "1e1f1f53-17da-482b-a00c-cc7c4cadeafa",
							"OrderBy": 1,
							"IconRefFlag": "service",
							"CheckPointState": 1,
							"ServerFQDN": "UC-EX-BE06.corp.sinochem.com",
							"ServerName": "UC-EX-BE06"
						}, {
							"PKID": "75eedc75-48bd-4bef-812e-b2e79e76ef4e",
							"CheckPointName": "Exchange Mail Queue",
							"CheckPointDisplayName": "Mail Queue",
							"ObjRefIdentifier": "",
							"ServerId": "1e1f1f53-17da-482b-a00c-cc7c4cadeafa",
							"OrderBy": 2,
							"IconRefFlag": "mail",
							"CheckPointState": 1,
							"ServerFQDN": "UC-EX-BE06.corp.sinochem.com",
							"ServerName": "UC-EX-BE06"
						}, {
							"PKID": "434b8d6e-6a82-4a47-9614-799be3c5f454",
							"CheckPointName": "Exchange Cluster",
							"CheckPointDisplayName": "Cluster",
							"ObjRefIdentifier": "",
							"ServerId": "1e1f1f53-17da-482b-a00c-cc7c4cadeafa",
							"OrderBy": 3,
							"IconRefFlag": "cluster",
							"CheckPointState": 1,
							"ServerFQDN": "UC-EX-BE06.corp.sinochem.com",
							"ServerName": "UC-EX-BE06"
						}
					],
					"DiskList": [
						{
							"ServerId": "1e1f1f53-17da-482b-a00c-cc7c4cadeafa",
							"Symbol": "C:",
							"FreeMB": 109301,
							"FreePct": 53.2082901000977,
							"FreeMBTimeSampled": "/Date(1525292686000)/",
							"FreePctTimeSampled": "/Date(1525292686000)/",
							"UsedMB": 96119.99698069287,
							"UsedPct": 46.7917098999023,
							"TotalMB": 205420.99698069287,
							"DiskState": 1
						}, {
							"ServerId": "1e1f1f53-17da-482b-a00c-cc7c4cadeafa",
							"Symbol": "D:",
							"FreeMB": 56179,
							"FreePct": 15.4108438491821,
							"FreeMBTimeSampled": "/Date(1525292686000)/",
							"FreePctTimeSampled": "/Date(1525292686000)/",
							"UsedMB": 308363.0104816751,
							"UsedPct": 84.5891561508179,
							"TotalMB": 364542.0104816751,
							"DiskState": 2
						}, {
							"ServerId": "1e1f1f53-17da-482b-a00c-cc7c4cadeafa",
							"Symbol": "E:",
							"FreeMB": 10196,
							"FreePct": 99.5800399780273,
							"FreeMBTimeSampled": "/Date(1525292686000)/",
							"FreePctTimeSampled": "/Date(1525292686000)/",
							"UsedMB": 42.999705412636104,
							"UsedPct": 0.4199600219726989,
							"TotalMB": 10238.999705412636,
							"DiskState": 1
						}
					]
				}, {
					"PKID": "7af35daf-51d9-4e72-b440-e415efb8c49e",
					"ServerName": "UC-EX-BE07",
					"GroupId": "75569229-9f42-4390-aa36-ff9131fdf8f9",
					"OrderBy": 7,
					"Features": "border-color:#00b050",
					"IsStone": false,
					"ServerState": 2,
					"FreeRAMMB": 75544,
					"FreeRAMMBTimeSampled": "/Date(1525291635000)/",
					"UsedRAMPct": 41.5507058208991,
					"UsedRAMPctTimeSampled": "/Date(1525294934113)/",
					"UsedRAMMB": 53703.069722548455,
					"FreeRAMPct": 58.4492941791009,
					"TotalRAMMB": 129247.06972254846,
					"FQDN": "UC-EX-BE07.corp.sinochem.com",
					"RAMState": 1,
					"CheckPointList": [
						{
							"PKID": "725c46d8-c36b-4c80-878c-4d9bca144b0f",
							"CheckPointName": "Exchange Services",
							"CheckPointDisplayName": "Services",
							"ObjRefIdentifier": "",
							"ServerId": "7af35daf-51d9-4e72-b440-e415efb8c49e",
							"OrderBy": 1,
							"IconRefFlag": "service",
							"CheckPointState": 1,
							"ServerFQDN": "UC-EX-BE07.corp.sinochem.com",
							"ServerName": "UC-EX-BE07"
						}, {
							"PKID": "7e68a28c-1aef-4731-aafd-fe0d543df12e",
							"CheckPointName": "Exchange Mail Queue",
							"CheckPointDisplayName": "Mail Queue",
							"ObjRefIdentifier": "",
							"ServerId": "7af35daf-51d9-4e72-b440-e415efb8c49e",
							"OrderBy": 2,
							"IconRefFlag": "mail",
							"CheckPointState": 1,
							"ServerFQDN": "UC-EX-BE07.corp.sinochem.com",
							"ServerName": "UC-EX-BE07"
						}, {
							"PKID": "e0168912-ae1c-4cd8-bcfd-01ef5cc654df",
							"CheckPointName": "Exchange Cluster",
							"CheckPointDisplayName": "Cluster",
							"ObjRefIdentifier": "",
							"ServerId": "7af35daf-51d9-4e72-b440-e415efb8c49e",
							"OrderBy": 3,
							"IconRefFlag": "cluster",
							"CheckPointState": 1,
							"ServerFQDN": "UC-EX-BE07.corp.sinochem.com",
							"ServerName": "UC-EX-BE07"
						}
					],
					"DiskList": [
						{
							"ServerId": "7af35daf-51d9-4e72-b440-e415efb8c49e",
							"Symbol": "C:",
							"FreeMB": 140078,
							"FreePct": 68.1906890869141,
							"FreeMBTimeSampled": "/Date(1525291635000)/",
							"FreePctTimeSampled": "/Date(1525291635000)/",
							"UsedMB": 65343.006702924176,
							"UsedPct": 31.809310913085895,
							"TotalMB": 205421.00670292418,
							"DiskState": 1
						}, {
							"ServerId": "7af35daf-51d9-4e72-b440-e415efb8c49e",
							"Symbol": "D:",
							"FreeMB": 54161,
							"FreePct": 14.8572731018066,
							"FreeMBTimeSampled": "/Date(1525291635000)/",
							"FreePctTimeSampled": "/Date(1525291635000)/",
							"UsedMB": 310380.99656203523,
							"UsedPct": 85.1427268981934,
							"TotalMB": 364541.99656203523,
							"DiskState": 2
						}, {
							"ServerId": "7af35daf-51d9-4e72-b440-e415efb8c49e",
							"Symbol": "E:",
							"FreeMB": 10196,
							"FreePct": 99.5800399780273,
							"FreeMBTimeSampled": "/Date(1525291635000)/",
							"FreePctTimeSampled": "/Date(1525291635000)/",
							"UsedMB": 42.999705412636104,
							"UsedPct": 0.4199600219726989,
							"TotalMB": 10238.999705412636,
							"DiskState": 1
						}
					]
				}, {
					"PKID": "cbf0614f-afc2-40ab-b707-f16816f28052",
					"ServerName": "UC-EX-BE08",
					"GroupId": "75569229-9f42-4390-aa36-ff9131fdf8f9",
					"OrderBy": 8,
					"Features": "border-color:#00b050",
					"IsStone": false,
					"ServerState": 2,
					"FreeRAMMB": 76920,
					"FreeRAMMBTimeSampled": "/Date(1525292967000)/",
					"UsedRAMPct": 41.0896960069717,
					"UsedRAMPctTimeSampled": "/Date(1525295067077)/",
					"UsedRAMMB": 53651.38528618533,
					"FreeRAMPct": 58.9103039930283,
					"TotalRAMMB": 130571.38528618532,
					"FQDN": "UC-EX-BE08.corp.sinochem.com",
					"RAMState": 1,
					"CheckPointList": [
						{
							"PKID": "1fea6223-eaba-4997-aa28-26b208958222",
							"CheckPointName": "Exchange Services",
							"CheckPointDisplayName": "Services",
							"ObjRefIdentifier": "",
							"ServerId": "cbf0614f-afc2-40ab-b707-f16816f28052",
							"OrderBy": 1,
							"IconRefFlag": "service",
							"CheckPointState": 1,
							"ServerFQDN": "UC-EX-BE08.corp.sinochem.com",
							"ServerName": "UC-EX-BE08"
						}, {
							"PKID": "a36913fa-1709-4d02-a9e4-d6e2c3e4311c",
							"CheckPointName": "Exchange Mail Queue",
							"CheckPointDisplayName": "Mail Queue",
							"ObjRefIdentifier": "",
							"ServerId": "cbf0614f-afc2-40ab-b707-f16816f28052",
							"OrderBy": 2,
							"IconRefFlag": "mail",
							"CheckPointState": 1,
							"ServerFQDN": "UC-EX-BE08.corp.sinochem.com",
							"ServerName": "UC-EX-BE08"
						}, {
							"PKID": "92f39f1a-be40-480b-9b37-abe363a26620",
							"CheckPointName": "Exchange Cluster",
							"CheckPointDisplayName": "Cluster",
							"ObjRefIdentifier": "",
							"ServerId": "cbf0614f-afc2-40ab-b707-f16816f28052",
							"OrderBy": 3,
							"IconRefFlag": "cluster",
							"CheckPointState": 1,
							"ServerFQDN": "UC-EX-BE08.corp.sinochem.com",
							"ServerName": "UC-EX-BE08"
						}
					],
					"DiskList": [
						{
							"ServerId": "cbf0614f-afc2-40ab-b707-f16816f28052",
							"Symbol": "C:",
							"FreeMB": 141006,
							"FreePct": 68.642448425293,
							"FreeMBTimeSampled": "/Date(1525292967000)/",
							"FreePctTimeSampled": "/Date(1525292967000)/",
							"UsedMB": 64414.994202244794,
							"UsedPct": 31.357551574707003,
							"TotalMB": 205420.9942022448,
							"DiskState": 1
						}, {
							"ServerId": "cbf0614f-afc2-40ab-b707-f16816f28052",
							"Symbol": "D:",
							"FreeMB": 62537,
							"FreePct": 17.1549510955811,
							"FreeMBTimeSampled": "/Date(1525292967000)/",
							"FreePctTimeSampled": "/Date(1525292967000)/",
							"UsedMB": 302004.9893741857,
							"UsedPct": 82.8450489044189,
							"TotalMB": 364541.9893741857,
							"DiskState": 2
						}, {
							"ServerId": "cbf0614f-afc2-40ab-b707-f16816f28052",
							"Symbol": "E:",
							"FreeMB": 9169,
							"FreePct": 89.5497589111328,
							"FreeMBTimeSampled": "/Date(1525292967000)/",
							"FreePctTimeSampled": "/Date(1525292967000)/",
							"UsedMB": 1070.0002066885663,
							"UsedPct": 10.450241088867202,
							"TotalMB": 10239.000206688566,
							"DiskState": 1
						}
					]
				}, {
					"PKID": "8cc162b3-2a20-4034-8788-f59c50b973bd",
					"ServerName": "UC-EX-BE09",
					"GroupId": "75569229-9f42-4390-aa36-ff9131fdf8f9",
					"OrderBy": 9,
					"Features": "border-color:#00b050",
					"IsStone": false,
					"ServerState": 2,
					"FreeRAMMB": 77409,
					"FreeRAMMBTimeSampled": "/Date(1525294342000)/",
					"UsedRAMPct": 40.6785458235024,
					"UsedRAMPctTimeSampled": "/Date(1525294942487)/",
					"UsedRAMMB": 53081.7323574486,
					"FreeRAMPct": 59.3214541764976,
					"TotalRAMMB": 130490.7323574486,
					"FQDN": "UC-EX-BE09.corp.sinochem.com",
					"RAMState": 1,
					"CheckPointList": [
						{
							"PKID": "bb0ccddc-5129-4d6c-9daa-48f0034c69d0",
							"CheckPointName": "Exchange Services",
							"CheckPointDisplayName": "Services",
							"ObjRefIdentifier": "",
							"ServerId": "8cc162b3-2a20-4034-8788-f59c50b973bd",
							"OrderBy": 1,
							"IconRefFlag": "service",
							"CheckPointState": 1,
							"ServerFQDN": "UC-EX-BE09.corp.sinochem.com",
							"ServerName": "UC-EX-BE09"
						}, {
							"PKID": "fb28d8ea-94a9-4f21-904a-470f54460757",
							"CheckPointName": "Exchange Mail Queue",
							"CheckPointDisplayName": "Mail Queue",
							"ObjRefIdentifier": "",
							"ServerId": "8cc162b3-2a20-4034-8788-f59c50b973bd",
							"OrderBy": 2,
							"IconRefFlag": "mail",
							"CheckPointState": 1,
							"ServerFQDN": "UC-EX-BE09.corp.sinochem.com",
							"ServerName": "UC-EX-BE09"
						}, {
							"PKID": "ad1edc7a-0b3a-4098-9e87-23bde4545ce3",
							"CheckPointName": "Exchange Cluster",
							"CheckPointDisplayName": "Cluster",
							"ObjRefIdentifier": "",
							"ServerId": "8cc162b3-2a20-4034-8788-f59c50b973bd",
							"OrderBy": 3,
							"IconRefFlag": "cluster",
							"CheckPointState": 1,
							"ServerFQDN": "UC-EX-BE09.corp.sinochem.com",
							"ServerName": "UC-EX-BE09"
						}
					],
					"DiskList": [
						{
							"ServerId": "8cc162b3-2a20-4034-8788-f59c50b973bd",
							"Symbol": "C:",
							"FreeMB": 129349,
							"FreePct": 62.9677581787109,
							"FreeMBTimeSampled": "/Date(1525294596000)/",
							"FreePctTimeSampled": "/Date(1525294596000)/",
							"UsedMB": 76072.00233724422,
							"UsedPct": 37.0322418212891,
							"TotalMB": 205421.00233724422,
							"DiskState": 1
						}, {
							"ServerId": "8cc162b3-2a20-4034-8788-f59c50b973bd",
							"Symbol": "D:",
							"FreeMB": 50340,
							"FreePct": 13.8091087341309,
							"FreeMBTimeSampled": "/Date(1525294596000)/",
							"FreePctTimeSampled": "/Date(1525294596000)/",
							"UsedMB": 314201.9915883386,
							"UsedPct": 86.1908912658691,
							"TotalMB": 364541.9915883386,
							"DiskState": 2
						}, {
							"ServerId": "8cc162b3-2a20-4034-8788-f59c50b973bd",
							"Symbol": "E:",
							"FreeMB": 9700,
							"FreePct": 94.7358169555664,
							"FreeMBTimeSampled": "/Date(1525294596000)/",
							"FreePctTimeSampled": "/Date(1525294596000)/",
							"UsedMB": 538.9996853561261,
							"UsedPct": 5.264183044433594,
							"TotalMB": 10238.999685356126,
							"DiskState": 1
						}
					]
				}
			]
		}, {
			"PKID": "ab89a7af-93b9-456f-9318-f16034d0d85c",
			"TopographyID": "66f918b8-542b-43eb-bd25-d23bea72042b",
			"OrderBy": 4,
			"GroupName": "",
			"Features": "",
			"ServerList": [
				{
					"PKID": "113da9d7-a56f-46f7-8217-74915d5e1dc5",
					"ServerName": "UC-EX-BE01-B",
					"GroupId": "ab89a7af-93b9-456f-9318-f16034d0d85c",
					"OrderBy": 1,
					"Features": "border-color:#00b0f0",
					"IsStone": false,
					"ServerState": 1,
					"FreeRAMMB": 98186,
					"FreeRAMMBTimeSampled": "/Date(1525292780000)/",
					"UsedRAMPct": 24.5907607527881,
					"UsedRAMPctTimeSampled": "/Date(1525295182050)/",
					"UsedRAMMB": 32018.204392143132,
					"FreeRAMPct": 75.4092392472119,
					"TotalRAMMB": 130204.20439214313,
					"FQDN": "UC-EX-BE01-B.corp.sinochem.com",
					"RAMState": 1,
					"CheckPointList": [
						{
							"PKID": "e17396a8-461f-47e5-96ef-0c97fa79f72b",
							"CheckPointName": "Exchange Services",
							"CheckPointDisplayName": "Services",
							"ObjRefIdentifier": "",
							"ServerId": "113da9d7-a56f-46f7-8217-74915d5e1dc5",
							"OrderBy": 1,
							"IconRefFlag": "service",
							"CheckPointState": 1,
							"ServerFQDN": "UC-EX-BE01-B.corp.sinochem.com",
							"ServerName": "UC-EX-BE01-B"
						}, {
							"PKID": "ecad39c4-4ebc-4f98-ad27-833f315149f7",
							"CheckPointName": "Exchange Mail Queue",
							"CheckPointDisplayName": "Mail Queue",
							"ObjRefIdentifier": "",
							"ServerId": "113da9d7-a56f-46f7-8217-74915d5e1dc5",
							"OrderBy": 2,
							"IconRefFlag": "mail",
							"CheckPointState": 1,
							"ServerFQDN": "UC-EX-BE01-B.corp.sinochem.com",
							"ServerName": "UC-EX-BE01-B"
						}, {
							"PKID": "f5331d32-ce91-4347-9bba-5099e8233b09",
							"CheckPointName": "Exchange Cluster",
							"CheckPointDisplayName": "Cluster",
							"ObjRefIdentifier": "",
							"ServerId": "113da9d7-a56f-46f7-8217-74915d5e1dc5",
							"OrderBy": 3,
							"IconRefFlag": "cluster",
							"CheckPointState": 1,
							"ServerFQDN": "UC-EX-BE01-B.corp.sinochem.com",
							"ServerName": "UC-EX-BE01-B"
						}
					],
					"DiskList": [
						{
							"ServerId": "113da9d7-a56f-46f7-8217-74915d5e1dc5",
							"Symbol": "C:",
							"FreeMB": 166353,
							"FreePct": 78.6297378540039,
							"FreeMBTimeSampled": "/Date(1525292781000)/",
							"FreePctTimeSampled": "/Date(1525292781000)/",
							"UsedMB": 45211.99377993174,
							"UsedPct": 21.370262145996094,
							"TotalMB": 211564.99377993174,
							"DiskState": 1
						}, {
							"ServerId": "113da9d7-a56f-46f7-8217-74915d5e1dc5",
							"Symbol": "D:",
							"FreeMB": 274572,
							"FreePct": 76.6109161376953,
							"FreeMBTimeSampled": "/Date(1525292781000)/",
							"FreePctTimeSampled": "/Date(1525292781000)/",
							"UsedMB": 83826.0114615818,
							"UsedPct": 23.3890838623047,
							"TotalMB": 358398.0114615818,
							"DiskState": 1
						}, {
							"ServerId": "113da9d7-a56f-46f7-8217-74915d5e1dc5",
							"Symbol": "E:",
							"FreeMB": 10151,
							"FreePct": 99.1405410766602,
							"FreeMBTimeSampled": "/Date(1525292781000)/",
							"FreePctTimeSampled": "/Date(1525292781000)/",
							"UsedMB": 87.9999991534878,
							"UsedPct": 0.8594589233398011,
							"TotalMB": 10238.999999153488,
							"DiskState": 1
						}
					]
				}, {
					"PKID": "7f910ab7-5cf5-40ba-b12a-1afdcaeae9ae",
					"ServerName": "UC-EX-BE02-B",
					"GroupId": "ab89a7af-93b9-456f-9318-f16034d0d85c",
					"OrderBy": 2,
					"Features": "border-color:#00b0f0",
					"IsStone": false,
					"ServerState": 1,
					"FreeRAMMB": 98906,
					"FreeRAMMBTimeSampled": "/Date(1525291658000)/",
					"UsedRAMPct": 23.8313602273503,
					"UsedRAMPctTimeSampled": "/Date(1525294358253)/",
					"UsedRAMMB": 30945.3407817409,
					"FreeRAMPct": 76.1686397726497,
					"TotalRAMMB": 129851.34078174089,
					"FQDN": "UC-EX-BE02-B.corp.sinochem.com",
					"RAMState": 1,
					"CheckPointList": [
						{
							"PKID": "81f98bfb-9c7b-4246-8826-d2b566bf2793",
							"CheckPointName": "Exchange Services",
							"CheckPointDisplayName": "Services",
							"ObjRefIdentifier": "",
							"ServerId": "7f910ab7-5cf5-40ba-b12a-1afdcaeae9ae",
							"OrderBy": 1,
							"IconRefFlag": "service",
							"CheckPointState": 1,
							"ServerFQDN": "UC-EX-BE02-B.corp.sinochem.com",
							"ServerName": "UC-EX-BE02-B"
						}, {
							"PKID": "a33c4079-2f65-4e1d-8661-b99e045db7ac",
							"CheckPointName": "Exchange Mail Queue",
							"CheckPointDisplayName": "Mail Queue",
							"ObjRefIdentifier": "",
							"ServerId": "7f910ab7-5cf5-40ba-b12a-1afdcaeae9ae",
							"OrderBy": 2,
							"IconRefFlag": "mail",
							"CheckPointState": 1,
							"ServerFQDN": "UC-EX-BE02-B.corp.sinochem.com",
							"ServerName": "UC-EX-BE02-B"
						}, {
							"PKID": "907b8471-76b0-4c03-aacf-f31562965aa3",
							"CheckPointName": "Exchange Cluster",
							"CheckPointDisplayName": "Cluster",
							"ObjRefIdentifier": "",
							"ServerId": "7f910ab7-5cf5-40ba-b12a-1afdcaeae9ae",
							"OrderBy": 3,
							"IconRefFlag": "cluster",
							"CheckPointState": 1,
							"ServerFQDN": "UC-EX-BE02-B.corp.sinochem.com",
							"ServerName": "UC-EX-BE02-B"
						}
					],
					"DiskList": [
						{
							"ServerId": "7f910ab7-5cf5-40ba-b12a-1afdcaeae9ae",
							"Symbol": "C:",
							"FreeMB": 167029,
							"FreePct": 78.9492568969727,
							"FreeMBTimeSampled": "/Date(1525291658000)/",
							"FreePctTimeSampled": "/Date(1525291658000)/",
							"UsedMB": 44536.00588469088,
							"UsedPct": 21.0507431030273,
							"TotalMB": 211565.00588469088,
							"DiskState": 1
						}, {
							"ServerId": "7f910ab7-5cf5-40ba-b12a-1afdcaeae9ae",
							"Symbol": "D:",
							"FreeMB": 273897,
							"FreePct": 76.4225769042969,
							"FreeMBTimeSampled": "/Date(1525291658000)/",
							"FreePctTimeSampled": "/Date(1525291658000)/",
							"UsedMB": 84501.01678370254,
							"UsedPct": 23.577423095703097,
							"TotalMB": 358398.01678370254,
							"DiskState": 1
						}, {
							"ServerId": "7f910ab7-5cf5-40ba-b12a-1afdcaeae9ae",
							"Symbol": "E:",
							"FreeMB": 10196,
							"FreePct": 99.5800399780273,
							"FreeMBTimeSampled": "/Date(1525291658000)/",
							"FreePctTimeSampled": "/Date(1525291658000)/",
							"UsedMB": 42.999705412636104,
							"UsedPct": 0.4199600219726989,
							"TotalMB": 10238.999705412636,
							"DiskState": 1
						}
					]
				}, {
					"PKID": "b8ddf71a-edbf-4940-881a-1c97a523c55f",
					"ServerName": "UC-EX-BE03-B",
					"GroupId": "ab89a7af-93b9-456f-9318-f16034d0d85c",
					"OrderBy": 3,
					"Features": "border-color:#00b0f0",
					"IsStone": false,
					"ServerState": 1,
					"FreeRAMMB": 98807,
					"FreeRAMMBTimeSampled": "/Date(1525293709000)/",
					"UsedRAMPct": 24.1228472977204,
					"UsedRAMPctTimeSampled": "/Date(1525294909640)/",
					"UsedRAMMB": 31412.699186249927,
					"FreeRAMPct": 75.8771527022796,
					"TotalRAMMB": 130219.69918624994,
					"FQDN": "UC-EX-BE03-B.corp.sinochem.com",
					"RAMState": 1,
					"CheckPointList": [
						{
							"PKID": "f183d65d-6024-4554-a308-1ac844cd6bc6",
							"CheckPointName": "Exchange Services",
							"CheckPointDisplayName": "Services",
							"ObjRefIdentifier": "",
							"ServerId": "b8ddf71a-edbf-4940-881a-1c97a523c55f",
							"OrderBy": 1,
							"IconRefFlag": "service",
							"CheckPointState": 1,
							"ServerFQDN": "UC-EX-BE03-B.corp.sinochem.com",
							"ServerName": "UC-EX-BE03-B"
						}, {
							"PKID": "e08b787f-d8c8-422f-a38a-9219c7fcb819",
							"CheckPointName": "Exchange Mail Queue",
							"CheckPointDisplayName": "Mail Queue",
							"ObjRefIdentifier": "",
							"ServerId": "b8ddf71a-edbf-4940-881a-1c97a523c55f",
							"OrderBy": 2,
							"IconRefFlag": "mail",
							"CheckPointState": 1,
							"ServerFQDN": "UC-EX-BE03-B.corp.sinochem.com",
							"ServerName": "UC-EX-BE03-B"
						}, {
							"PKID": "f9550aa2-1f83-4ae6-9fc2-b893ad9147a4",
							"CheckPointName": "Exchange Cluster",
							"CheckPointDisplayName": "Cluster",
							"ObjRefIdentifier": "",
							"ServerId": "b8ddf71a-edbf-4940-881a-1c97a523c55f",
							"OrderBy": 3,
							"IconRefFlag": "cluster",
							"CheckPointState": 1,
							"ServerFQDN": "UC-EX-BE03-B.corp.sinochem.com",
							"ServerName": "UC-EX-BE03-B"
						}
					],
					"DiskList": [
						{
							"ServerId": "b8ddf71a-edbf-4940-881a-1c97a523c55f",
							"Symbol": "C:",
							"FreeMB": 166832,
							"FreePct": 78.8561401367188,
							"FreeMBTimeSampled": "/Date(1525293709000)/",
							"FreePctTimeSampled": "/Date(1525293709000)/",
							"UsedMB": 44733.00902878435,
							"UsedPct": 21.143859863281193,
							"TotalMB": 211565.00902878435,
							"DiskState": 1
						}, {
							"ServerId": "b8ddf71a-edbf-4940-881a-1c97a523c55f",
							"Symbol": "D:",
							"FreeMB": 268638,
							"FreePct": 74.9552154541016,
							"FreeMBTimeSampled": "/Date(1525293709000)/",
							"FreePctTimeSampled": "/Date(1525293709000)/",
							"UsedMB": 89760.00922792213,
							"UsedPct": 25.044784545898395,
							"TotalMB": 358398.0092279221,
							"DiskState": 1
						}, {
							"ServerId": "b8ddf71a-edbf-4940-881a-1c97a523c55f",
							"Symbol": "E:",
							"FreeMB": 10196,
							"FreePct": 99.5800399780273,
							"FreeMBTimeSampled": "/Date(1525293709000)/",
							"FreePctTimeSampled": "/Date(1525293709000)/",
							"UsedMB": 42.999705412636104,
							"UsedPct": 0.4199600219726989,
							"TotalMB": 10238.999705412636,
							"DiskState": 1
						}
					]
				}, {
					"PKID": "90b62a76-a01f-4ee2-acc7-5e152c7e3d78",
					"ServerName": "UC-EX-BE04-B",
					"GroupId": "ab89a7af-93b9-456f-9318-f16034d0d85c",
					"OrderBy": 4,
					"Features": "border-color:#00b0f0",
					"IsStone": false,
					"ServerState": 1,
					"FreeRAMMB": 98629,
					"FreeRAMMBTimeSampled": "/Date(1525293589000)/",
					"UsedRAMPct": 24.4281416503711,
					"UsedRAMPctTimeSampled": "/Date(1525295089863)/",
					"UsedRAMMB": 31881.221865523734,
					"FreeRAMPct": 75.5718583496289,
					"TotalRAMMB": 130510.22186552374,
					"FQDN": "UC-EX-BE04-B.corp.sinochem.com",
					"RAMState": 1,
					"CheckPointList": [
						{
							"PKID": "fbef5660-2749-4791-abb0-5c8785ea4341",
							"CheckPointName": "Exchange Services",
							"CheckPointDisplayName": "Services",
							"ObjRefIdentifier": "",
							"ServerId": "90b62a76-a01f-4ee2-acc7-5e152c7e3d78",
							"OrderBy": 1,
							"IconRefFlag": "service",
							"CheckPointState": 1,
							"ServerFQDN": "UC-EX-BE04-B.corp.sinochem.com",
							"ServerName": "UC-EX-BE04-B"
						}, {
							"PKID": "fb8fb149-30c9-40be-966b-1adcffa0f43f",
							"CheckPointName": "Exchange Mail Queue",
							"CheckPointDisplayName": "Mail Queue",
							"ObjRefIdentifier": "",
							"ServerId": "90b62a76-a01f-4ee2-acc7-5e152c7e3d78",
							"OrderBy": 2,
							"IconRefFlag": "mail",
							"CheckPointState": 1,
							"ServerFQDN": "UC-EX-BE04-B.corp.sinochem.com",
							"ServerName": "UC-EX-BE04-B"
						}, {
							"PKID": "e6c99c33-f91c-4839-b31e-b027cecf5708",
							"CheckPointName": "Exchange Cluster",
							"CheckPointDisplayName": "Cluster",
							"ObjRefIdentifier": "",
							"ServerId": "90b62a76-a01f-4ee2-acc7-5e152c7e3d78",
							"OrderBy": 3,
							"IconRefFlag": "cluster",
							"CheckPointState": 1,
							"ServerFQDN": "UC-EX-BE04-B.corp.sinochem.com",
							"ServerName": "UC-EX-BE04-B"
						}
					],
					"DiskList": [
						{
							"ServerId": "90b62a76-a01f-4ee2-acc7-5e152c7e3d78",
							"Symbol": "C:",
							"FreeMB": 166764,
							"FreePct": 78.8240051269531,
							"FreeMBTimeSampled": "/Date(1525293590000)/",
							"FreePctTimeSampled": "/Date(1525293590000)/",
							"UsedMB": 44800.99182122463,
							"UsedPct": 21.175994873046903,
							"TotalMB": 211564.99182122463,
							"DiskState": 1
						}, {
							"ServerId": "90b62a76-a01f-4ee2-acc7-5e152c7e3d78",
							"Symbol": "D:",
							"FreeMB": 269096,
							"FreePct": 75.0830078125,
							"FreeMBTimeSampled": "/Date(1525293590000)/",
							"FreePctTimeSampled": "/Date(1525293590000)/",
							"UsedMB": 89302.00221109448,
							"UsedPct": 24.9169921875,
							"TotalMB": 358398.0022110945,
							"DiskState": 1
						}, {
							"ServerId": "90b62a76-a01f-4ee2-acc7-5e152c7e3d78",
							"Symbol": "E:",
							"FreeMB": 10196,
							"FreePct": 99.5800399780273,
							"FreeMBTimeSampled": "/Date(1525293590000)/",
							"FreePctTimeSampled": "/Date(1525293590000)/",
							"UsedMB": 42.999705412636104,
							"UsedPct": 0.4199600219726989,
							"TotalMB": 10238.999705412636,
							"DiskState": 1
						}
					]
				}
			]
		}, {
			"PKID": "b128779f-b699-4d79-8aa6-9b587a37eca8",
			"TopographyID": "66f918b8-542b-43eb-bd25-d23bea72042b",
			"OrderBy": 5,
			"GroupName": "",
			"Features": "",
			"ServerList": []
		}, {
			"PKID": "3469c724-049c-4c0d-b841-81ec8b00020b",
			"TopographyID": "66f918b8-542b-43eb-bd25-d23bea72042b",
			"OrderBy": 6,
			"GroupName": "",
			"Features": "",
			"ServerList": [
				{
					"PKID": "80753902-17cc-462f-bbae-993d6830ecd8",
					"ServerName": "UC-ARR01",
					"GroupId": "3469c724-049c-4c0d-b841-81ec8b00020b",
					"OrderBy": 1,
					"Features": "border-color:#00b050",
					"IsStone": false,
					"ServerState": 1,
					"FreeRAMMB": 14287,
					"FreeRAMMBTimeSampled": "/Date(1525292211000)/",
					"UsedRAMPct": 12.7349578794876,
					"UsedRAMPctTimeSampled": "/Date(1525293711670)/",
					"UsedRAMMB": 2084.96253256803,
					"FreeRAMPct": 87.2650421205124,
					"TotalRAMMB": 16371.96253256803,
					"FQDN": "UC-ARR01.corp.sinochem.com",
					"RAMState": 1,
					"CheckPointList": [
						{
							"PKID": "6d549c57-d42e-4e3d-af2c-355229f78270",
							"CheckPointName": "Exchange ARR Services",
							"CheckPointDisplayName": "Services",
							"ObjRefIdentifier": "",
							"ServerId": "80753902-17cc-462f-bbae-993d6830ecd8",
							"OrderBy": 1,
							"IconRefFlag": "service",
							"CheckPointState": 1,
							"ServerFQDN": "UC-ARR01.corp.sinochem.com",
							"ServerName": "UC-ARR01"
						}
					],
					"DiskList": [
						{
							"ServerId": "80753902-17cc-462f-bbae-993d6830ecd8",
							"Symbol": "C:",
							"FreeMB": 59373,
							"FreePct": 58.1825828552246,
							"FreeMBTimeSampled": "/Date(1525292401000)/",
							"FreePctTimeSampled": "/Date(1525292401000)/",
							"UsedMB": 42673.00257733058,
							"UsedPct": 41.8174171447754,
							"TotalMB": 102046.00257733058,
							"DiskState": 1
						}
					]
				}, {
					"PKID": "51a19f35-aa44-4456-9c72-c36be6c6ddc9",
					"ServerName": "UC-ARR02",
					"GroupId": "3469c724-049c-4c0d-b841-81ec8b00020b",
					"OrderBy": 2,
					"Features": "border-color:#00b050",
					"IsStone": false,
					"ServerState": 1,
					"FreeRAMMB": 14321,
					"FreeRAMMBTimeSampled": "/Date(1525292110000)/",
					"UsedRAMPct": 12.576260873463,
					"UsedRAMPctTimeSampled": "/Date(1525291810637)/",
					"UsedRAMMB": 2060.1341668557598,
					"FreeRAMPct": 87.423739126537,
					"TotalRAMMB": 16381.13416685576,
					"FQDN": "UC-ARR02.corp.sinochem.com",
					"RAMState": 1,
					"CheckPointList": [
						{
							"PKID": "ee0a222d-df66-4fd3-90e1-fe697f7265b2",
							"CheckPointName": "Exchange ARR Services",
							"CheckPointDisplayName": "Services",
							"ObjRefIdentifier": "",
							"ServerId": "51a19f35-aa44-4456-9c72-c36be6c6ddc9",
							"OrderBy": 1,
							"IconRefFlag": "service",
							"CheckPointState": 1,
							"ServerFQDN": "UC-ARR02.corp.sinochem.com",
							"ServerName": "UC-ARR02"
						}
					],
					"DiskList": [
						{
							"ServerId": "51a19f35-aa44-4456-9c72-c36be6c6ddc9",
							"Symbol": "C:",
							"FreeMB": 55433,
							"FreePct": 54.3215789794922,
							"FreeMBTimeSampled": "/Date(1525292255000)/",
							"FreePctTimeSampled": "/Date(1525292255000)/",
							"UsedMB": 46613.00278818734,
							"UsedPct": 45.6784210205078,
							"TotalMB": 102046.00278818734,
							"DiskState": 1
						}
					]
				}, {
					"PKID": "5db9aac5-8759-4eab-8274-7432ed28d33c",
					"ServerName": "UC-ARR03",
					"GroupId": "3469c724-049c-4c0d-b841-81ec8b00020b",
					"OrderBy": 3,
					"Features": "border-color:#00b050",
					"IsStone": false,
					"ServerState": 1,
					"FreeRAMMB": 14550,
					"FreeRAMMBTimeSampled": "/Date(1525292145000)/",
					"UsedRAMPct": 11.1907139362484,
					"UsedRAMPctTimeSampled": "/Date(1525291845283)/",
					"UsedRAMMB": 1833.4218749999932,
					"FreeRAMPct": 88.8092860637516,
					"TotalRAMMB": 16383.421874999993,
					"FQDN": "UC-ARR03.corp.sinochem.com",
					"RAMState": 1,
					"CheckPointList": [
						{
							"PKID": "4c82d5f0-5ac2-47a2-bf3d-f29fbcd08c28",
							"CheckPointName": "Exchange ARR Services",
							"CheckPointDisplayName": "Services",
							"ObjRefIdentifier": "",
							"ServerId": "5db9aac5-8759-4eab-8274-7432ed28d33c",
							"OrderBy": 1,
							"IconRefFlag": "service",
							"CheckPointState": 1,
							"ServerFQDN": "UC-ARR03.corp.sinochem.com",
							"ServerName": "UC-ARR03"
						}
					],
					"DiskList": [
						{
							"ServerId": "5db9aac5-8759-4eab-8274-7432ed28d33c",
							"Symbol": "C:",
							"FreeMB": 58209,
							"FreePct": 57.0419235229492,
							"FreeMBTimeSampled": "/Date(1525292509000)/",
							"FreePctTimeSampled": "/Date(1525292509000)/",
							"UsedMB": 43836.997759141595,
							"UsedPct": 42.9580764770508,
							"TotalMB": 102045.9977591416,
							"DiskState": 1
						}
					]
				}
			]
		}, {
			"PKID": "0c0286fc-f33c-44f3-8e4a-2b474927332c",
			"TopographyID": "66f918b8-542b-43eb-bd25-d23bea72042b",
			"OrderBy": 7,
			"GroupName": "",
			"Features": "",
			"ServerList": [
				{
					"PKID": "2d9c0169-b7d2-4d97-9099-d1f2d0d408d1",
					"ServerName": "UC-EX-EDGE01",
					"GroupId": "0c0286fc-f33c-44f3-8e4a-2b474927332c",
					"OrderBy": 1,
					"Features": "border-color:#00b050",
					"IsStone": false,
					"ServerState": 1,
					"FreeRAMMB": 20291,
					"FreeRAMMBTimeSampled": "/Date(1525293028000)/",
					"UsedRAMPct": 17.7391595155487,
					"UsedRAMPctTimeSampled": "/Date(1525295128873)/",
					"UsedRAMMB": 4375.657768753706,
					"FreeRAMPct": 82.26084048445131,
					"TotalRAMMB": 24666.657768753706,
					"FQDN": "UC-EX-EDGE01.corp.sinochem.com",
					"RAMState": 1,
					"CheckPointList": [
						{
							"PKID": "e945a2fd-7b99-4479-845e-613168d0735c",
							"CheckPointName": "Exchange Edge Services",
							"CheckPointDisplayName": "Services",
							"ObjRefIdentifier": "",
							"ServerId": "2d9c0169-b7d2-4d97-9099-d1f2d0d408d1",
							"OrderBy": 1,
							"IconRefFlag": "service",
							"CheckPointState": 1,
							"ServerFQDN": "UC-EX-EDGE01.corp.sinochem.com",
							"ServerName": "UC-EX-EDGE01"
						}, {
							"PKID": "9b54b78d-3f1e-4689-8b1a-cad8612099ff",
							"CheckPointName": "Exchange Mail Queue",
							"CheckPointDisplayName": "Mail Queue",
							"ObjRefIdentifier": "",
							"ServerId": "2d9c0169-b7d2-4d97-9099-d1f2d0d408d1",
							"OrderBy": 2,
							"IconRefFlag": "mail",
							"CheckPointState": 1,
							"ServerFQDN": "UC-EX-EDGE01.corp.sinochem.com",
							"ServerName": "UC-EX-EDGE01"
						}
					],
					"DiskList": [
						{
							"ServerId": "2d9c0169-b7d2-4d97-9099-d1f2d0d408d1",
							"Symbol": "C:",
							"FreeMB": 118898,
							"FreePct": 58.1561889648438,
							"FreeMBTimeSampled": "/Date(1525293422000)/",
							"FreePctTimeSampled": "/Date(1525293422000)/",
							"UsedMB": 85547.99640439893,
							"UsedPct": 41.8438110351562,
							"TotalMB": 204445.99640439893,
							"DiskState": 1
						}
					]
				}, {
					"PKID": "698f78b2-2dd3-4c5c-bea7-249d3cf1ff56",
					"ServerName": "UC-EX-EDGE02",
					"GroupId": "0c0286fc-f33c-44f3-8e4a-2b474927332c",
					"OrderBy": 2,
					"Features": "border-color:#00b050",
					"IsStone": false,
					"ServerState": 1,
					"FreeRAMMB": 20275,
					"FreeRAMMBTimeSampled": "/Date(1525293359000)/",
					"UsedRAMPct": 17.4909446723774,
					"UsedRAMPctTimeSampled": "/Date(1525294859770)/",
					"UsedRAMMB": 4298.060398635156,
					"FreeRAMPct": 82.5090553276226,
					"TotalRAMMB": 24573.060398635156,
					"FQDN": "UC-EX-EDGE02.corp.sinochem.com",
					"RAMState": 1,
					"CheckPointList": [
						{
							"PKID": "0874c82a-2665-474b-9afb-8a6831e7e7bc",
							"CheckPointName": "Exchange Edge Services",
							"CheckPointDisplayName": "Services",
							"ObjRefIdentifier": "",
							"ServerId": "698f78b2-2dd3-4c5c-bea7-249d3cf1ff56",
							"OrderBy": 1,
							"IconRefFlag": "service",
							"CheckPointState": 1,
							"ServerFQDN": "UC-EX-EDGE02.corp.sinochem.com",
							"ServerName": "UC-EX-EDGE02"
						}, {
							"PKID": "b358aad9-3e15-4157-8dc7-e2d267f74267",
							"CheckPointName": "Exchange Mail Queue",
							"CheckPointDisplayName": "Mail Queue",
							"ObjRefIdentifier": "",
							"ServerId": "698f78b2-2dd3-4c5c-bea7-249d3cf1ff56",
							"OrderBy": 2,
							"IconRefFlag": "mail",
							"CheckPointState": 1,
							"ServerFQDN": "UC-EX-EDGE02.corp.sinochem.com",
							"ServerName": "UC-EX-EDGE02"
						}
					],
					"DiskList": [
						{
							"ServerId": "698f78b2-2dd3-4c5c-bea7-249d3cf1ff56",
							"Symbol": "C:",
							"FreeMB": 113001,
							"FreePct": 55.2718086242676,
							"FreeMBTimeSampled": "/Date(1525293658000)/",
							"FreePctTimeSampled": "/Date(1525293658000)/",
							"UsedMB": 91444.99663486649,
							"UsedPct": 44.7281913757324,
							"TotalMB": 204445.9966348665,
							"DiskState": 1
						}
					]
				}, {
					"PKID": "27476a35-9d17-4422-a70a-6233e17a25c1",
					"ServerName": "UC-EX-EDGE03",
					"GroupId": "0c0286fc-f33c-44f3-8e4a-2b474927332c",
					"OrderBy": 3,
					"Features": "border-color:#00b050",
					"IsStone": false,
					"ServerState": 1,
					"FreeRAMMB": 20326,
					"FreeRAMMBTimeSampled": "/Date(1525293629000)/",
					"UsedRAMPct": 17.4665300976392,
					"UsedRAMPctTimeSampled": "/Date(1525294229177)/",
					"UsedRAMMB": 4301.5844503401795,
					"FreeRAMPct": 82.53346990236079,
					"TotalRAMMB": 24627.58445034018,
					"FQDN": "UC-EX-EDGE03.corp.sinochem.com",
					"RAMState": 1,
					"CheckPointList": [
						{
							"PKID": "37688586-3e76-4ad3-95fb-41e75c07b577",
							"CheckPointName": "Exchange Edge Services",
							"CheckPointDisplayName": "Services",
							"ObjRefIdentifier": "",
							"ServerId": "27476a35-9d17-4422-a70a-6233e17a25c1",
							"OrderBy": 1,
							"IconRefFlag": "service",
							"CheckPointState": 1,
							"ServerFQDN": "UC-EX-EDGE03.corp.sinochem.com",
							"ServerName": "UC-EX-EDGE03"
						}, {
							"PKID": "2fcac0c3-0b66-4517-924a-da05bcda68a8",
							"CheckPointName": "Exchange Mail Queue",
							"CheckPointDisplayName": "Mail Queue",
							"ObjRefIdentifier": "",
							"ServerId": "27476a35-9d17-4422-a70a-6233e17a25c1",
							"OrderBy": 2,
							"IconRefFlag": "mail",
							"CheckPointState": 1,
							"ServerFQDN": "UC-EX-EDGE03.corp.sinochem.com",
							"ServerName": "UC-EX-EDGE03"
						}
					],
					"DiskList": [
						{
							"ServerId": "27476a35-9d17-4422-a70a-6233e17a25c1",
							"Symbol": "C:",
							"FreeMB": 105627,
							"FreePct": 51.6649856567383,
							"FreeMBTimeSampled": "/Date(1525293723000)/",
							"FreePctTimeSampled": "/Date(1525293723000)/",
							"UsedMB": 98819.00662774753,
							"UsedPct": 48.3350143432617,
							"TotalMB": 204446.00662774753,
							"DiskState": 1
						}
					]
				}, {
					"PKID": "1e991107-566b-4bab-ba0b-62f8bce5b25f",
					"ServerName": "UC-EX-EDGE04",
					"GroupId": "0c0286fc-f33c-44f3-8e4a-2b474927332c",
					"OrderBy": 4,
					"Features": "border-color:#00b050",
					"IsStone": false,
					"ServerState": 1,
					"FreeRAMMB": 20253,
					"FreeRAMMBTimeSampled": "/Date(1525293927000)/",
					"UsedRAMPct": 17.389217277635,
					"UsedRAMPctTimeSampled": "/Date(1525293027833)/",
					"UsedRAMMB": 4263.170084074217,
					"FreeRAMPct": 82.610782722365,
					"TotalRAMMB": 24516.17008407422,
					"FQDN": "UC-EX-EDGE04.corp.sinochem.com",
					"RAMState": 1,
					"CheckPointList": [
						{
							"PKID": "d20f8199-2de4-4f6b-b500-dd990fd7e21c",
							"CheckPointName": "Exchange Edge Services",
							"CheckPointDisplayName": "Services",
							"ObjRefIdentifier": "",
							"ServerId": "1e991107-566b-4bab-ba0b-62f8bce5b25f",
							"OrderBy": 1,
							"IconRefFlag": "service",
							"CheckPointState": 1,
							"ServerFQDN": "UC-EX-EDGE04.corp.sinochem.com",
							"ServerName": "UC-EX-EDGE04"
						}, {
							"PKID": "b805a3ed-edae-4247-8f1c-61694640a88d",
							"CheckPointName": "Exchange Mail Queue",
							"CheckPointDisplayName": "Mail Queue",
							"ObjRefIdentifier": "",
							"ServerId": "1e991107-566b-4bab-ba0b-62f8bce5b25f",
							"OrderBy": 2,
							"IconRefFlag": "mail",
							"CheckPointState": 1,
							"ServerFQDN": "UC-EX-EDGE04.corp.sinochem.com",
							"ServerName": "UC-EX-EDGE04"
						}
					],
					"DiskList": [
						{
							"ServerId": "1e991107-566b-4bab-ba0b-62f8bce5b25f",
							"Symbol": "C:",
							"FreeMB": 131787,
							"FreePct": 64.4605407714844,
							"FreeMBTimeSampled": "/Date(1525294333000)/",
							"FreePctTimeSampled": "/Date(1525294333000)/",
							"UsedMB": 72659.00436597486,
							"UsedPct": 35.5394592285156,
							"TotalMB": 204446.00436597486,
							"DiskState": 1
						}
					]
				}
			]
		}
	]
}