﻿{
	"PKID": "631d3cf6-dad7-47af-b680-9d07a6f4c771",
	"TopographyName": "Skype for Business拓扑",
	"OrderBy": 2,
	"IsCustom": true,
	"SpecifiedWidth": 4614,
	"SpecifiedHeight": 2277,
	"Features": "",
	"GroupList": [
		{
			"PKID": "4d6fb0bb-aad5-4fb0-9601-aef39dd9c007",
			"TopographyID": "631d3cf6-dad7-47af-b680-9d07a6f4c771",
			"OrderBy": 1,
			"GroupName": "SP APP",
			"Features": "",
			"ServerList": [
				{
					"PKID": "c30a0b41-b7f4-4db4-a58d-cbb51f4c7891",
					"ServerName": "UC-SP-APP01",
					"GroupId": "4d6fb0bb-aad5-4fb0-9601-aef39dd9c007",
					"OrderBy": 1,
					"Features": "",
					"IsStone": false,
					"ServerState": 1,
					"FreeRAMMB": 24136,
					"FreeRAMMBTimeSampled": "/Date(1525821908000)/",
					"UsedRAMPct": 26.341473881976,
					"UsedRAMPctTimeSampled": "/Date(1525821908417)/",
					"UsedRAMMB": 8631.421875000022,
					"FreeRAMPct": 73.658526118024,
					"TotalRAMMB": 32767.421875000025,
					"FQDN": "UC-SP-APP01.corp.sinochem.com",
					"RAMState": 1,
					"CheckPointList": [
						{
							"PKID": "6779a4e5-6d26-45b3-b1fa-b8e00b95960f",
							"CheckPointName": "SharePoint APP Services",
							"CheckPointDisplayName": "Services",
							"ObjRefIdentifier": "",
							"ServerId": "c30a0b41-b7f4-4db4-a58d-cbb51f4c7891",
							"OrderBy": 1,
							"IconRefFlag": "service",
							"CheckPointState": 1,
							"ServerFQDN": "UC-SP-APP01.corp.sinochem.com",
							"ServerName": "UC-SP-APP01"
						}
					],
					"DiskList": [
						{
							"ServerId": "c30a0b41-b7f4-4db4-a58d-cbb51f4c7891",
							"Symbol": "C:",
							"FreeMB": 127923,
							"FreePct": 83.4755859375,
							"FreeMBTimeSampled": "/Date(1525822178000)/",
							"FreePctTimeSampled": "/Date(1525822178000)/",
							"UsedMB": 25323.004281753412,
							"UsedPct": 16.5244140625,
							"TotalMB": 153246.0042817534,
							"DiskState": 1
						}
					]
				}, {
					"PKID": "5e3ea5d2-d6a3-4986-bff8-af3ab7d81390",
					"ServerName": "UC-SP-APP02",
					"GroupId": "4d6fb0bb-aad5-4fb0-9601-aef39dd9c007",
					"OrderBy": 2,
					"Features": "",
					"IsStone": false,
					"ServerState": 1,
					"FreeRAMMB": 25266,
					"FreeRAMMBTimeSampled": "/Date(1525821908000)/",
					"UsedRAMPct": 22.4992430076558,
					"UsedRAMPctTimeSampled": "/Date(1525822208267)/",
					"UsedRAMMB": 7334.971887920868,
					"FreeRAMPct": 77.50075699234421,
					"TotalRAMMB": 32600.97188792087,
					"FQDN": "UC-SP-APP02.corp.sinochem.com",
					"RAMState": 1,
					"CheckPointList": [
						{
							"PKID": "fb65b550-bb83-47f2-9783-bc0080f3e2a9",
							"CheckPointName": "SharePoint APP Services",
							"CheckPointDisplayName": "Services",
							"ObjRefIdentifier": "",
							"ServerId": "5e3ea5d2-d6a3-4986-bff8-af3ab7d81390",
							"OrderBy": 2,
							"IconRefFlag": "service",
							"CheckPointState": 1,
							"ServerFQDN": "UC-SP-APP02.corp.sinochem.com",
							"ServerName": "UC-SP-APP02"
						}
					],
					"DiskList": [
						{
							"ServerId": "5e3ea5d2-d6a3-4986-bff8-af3ab7d81390",
							"Symbol": "C:",
							"FreeMB": 130145,
							"FreePct": 84.9255447387695,
							"FreeMBTimeSampled": "/Date(1525822209000)/",
							"FreePctTimeSampled": "/Date(1525822209000)/",
							"UsedMB": 23100.999658083194,
							"UsedPct": 15.074455261230497,
							"TotalMB": 153245.9996580832,
							"DiskState": 1
						}
					]
				}
			]
		}, {
			"PKID": "5084d6ab-c95a-4fe8-8fda-b62399b0892c",
			"TopographyID": "631d3cf6-dad7-47af-b680-9d07a6f4c771",
			"OrderBy": 2,
			"GroupName": "SP WEB",
			"Features": "2",
			"ServerList": [
				{
					"PKID": "13ab769a-e43d-452f-ad40-70a15bf3d3b3",
					"ServerName": "UC-SP-WEB01",
					"GroupId": "5084d6ab-c95a-4fe8-8fda-b62399b0892c",
					"OrderBy": 1,
					"Features": "",
					"IsStone": false,
					"ServerState": 1,
					"FreeRAMMB": 88315,
					"FreeRAMMBTimeSampled": "/Date(1525822307000)/",
					"UsedRAMPct": 32.6069991588037,
					"UsedRAMPctTimeSampled": "/Date(1525822309493)/",
					"UsedRAMMB": 42729.76562500005,
					"FreeRAMPct": 67.3930008411963,
					"TotalRAMMB": 131044.76562500003,
					"FQDN": "UC-SP-WEB01.corp.sinochem.com",
					"RAMState": 1,
					"CheckPointList": [
						{
							"PKID": "b1d1e30e-b464-4c00-b3bd-5bb821f3ff6a",
							"CheckPointName": "SharePoint WEB Services",
							"CheckPointDisplayName": "Services",
							"ObjRefIdentifier": "",
							"ServerId": "13ab769a-e43d-452f-ad40-70a15bf3d3b3",
							"OrderBy": 1,
							"IconRefFlag": "service",
							"CheckPointState": 1,
							"ServerFQDN": "UC-SP-WEB01.corp.sinochem.com",
							"ServerName": "UC-SP-WEB01"
						}, {
							"PKID": "b1d1e30e-b464-4c00-b3bd-5bb821f3ff6a",
							"CheckPointName": "SharePoint WEB IIS",
							"CheckPointDisplayName": "WEB IIS",
							"ObjRefIdentifier": "",
							"ServerId": "13ab769a-e21d-452f-ad40-70a15bf3d3b3",
							"OrderBy": 2,
							"IconRefFlag": "iis",
							"CheckPointState": 1,
							"ServerFQDN": "UC-SP-WEB01.corp.sinochem.com",
							"ServerName": "UC-SP-WEB01"
						}
					],
					"DiskList": [
						{
							"ServerId": "13ab769a-e43d-452f-ad40-70a15bf3d3b3",
							"Symbol": "C:",
							"FreeMB": 135277,
							"FreePct": 82.3609313964844,
							"FreeMBTimeSampled": "/Date(1525822307000)/",
							"FreePctTimeSampled": "/Date(1525822307000)/",
							"UsedMB": 28971.99246073159,
							"UsedPct": 17.639068603515597,
							"TotalMB": 164248.9924607316,
							"DiskState": 1
						}
					]
				}, {
					"PKID": "0add4414-5c56-4a06-84d5-f1536d503f9a",
					"ServerName": "UC-SP-WEB02",
					"GroupId": "5084d6ab-c95a-4fe8-8fda-b62399b0892c",
					"OrderBy": 2,
					"Features": "",
					"IsStone": false,
					"ServerState": 1,
					"FreeRAMMB": 102716,
					"FreeRAMMBTimeSampled": "/Date(1525819953000)/",
					"UsedRAMPct": 21.6214401924915,
					"UsedRAMPctTimeSampled": "/Date(1525821154060)/",
					"UsedRAMMB": 28335.144920578172,
					"FreeRAMPct": 78.3785598075085,
					"TotalRAMMB": 131051.14492057818,
					"FQDN": "UC-SP-WEB02.corp.sinochem.com",
					"RAMState": 1,
					"CheckPointList": [
						{
							"PKID": "8c2e3edd-3817-42e5-a72a-f599d5dbe8e2",
							"CheckPointName": "SharePoint WEB Services",
							"CheckPointDisplayName": "Services",
							"ObjRefIdentifier": "",
							"ServerId": "0add4414-5c56-4a06-84d5-f1536d503f9a",
							"OrderBy": 1,
							"IconRefFlag": "service",
							"CheckPointState": 1,
							"ServerFQDN": "UC-SP-WEB02.corp.sinochem.com",
							"ServerName": "UC-SP-WEB02"
						}, {
							"PKID": "8c2e3edd-3817-42e5-a72a-f599d5dbe8e2",
							"CheckPointName": "SharePoint WEB IIS",
							"CheckPointDisplayName": "WEB IIS",
							"ObjRefIdentifier": "",
							"ServerId": "0add4414-5c56-4a06-84d5-f1536d503f9a",
							"OrderBy": 2,
							"IconRefFlag": "iis",
							"CheckPointState": 1,
							"ServerFQDN": "UC-SP-WEB02.corp.sinochem.com",
							"ServerName": "UC-SP-WEB02"
						}
					],
					"DiskList": [
						{
							"ServerId": "0add4414-5c56-4a06-84d5-f1536d503f9a",
							"Symbol": "C:",
							"FreeMB": 132937,
							"FreePct": 80.9362640380859,
							"FreeMBTimeSampled": "/Date(1525819953000)/",
							"FreePctTimeSampled": "/Date(1525819953000)/",
							"UsedMB": 31311.994662570913,
							"UsedPct": 19.063735961914105,
							"TotalMB": 164248.9946625709,
							"DiskState": 1
						}
					]
				}, {
					"PKID": "dfe190e8-1b7f-492e-90d4-3f1ca178c2bd",
					"ServerName": "UC-SP-WEB03",
					"GroupId": "5084d6ab-c95a-4fe8-8fda-b62399b0892c",
					"OrderBy": 3,
					"Features": "",
					"IsStone": false,
					"ServerState": 1,
					"FreeRAMMB": 126435,
					"FreeRAMMBTimeSampled": "/Date(1525819576000)/",
					"UsedRAMPct": 3.51312439153367,
					"UsedRAMPctTimeSampled": "/Date(1525818977390)/",
					"UsedRAMMB": 4603.547162683589,
					"FreeRAMPct": 96.48687560846633,
					"TotalRAMMB": 131038.5471626836,
					"FQDN": "UC-SP-WEB03.corp.sinochem.com",
					"RAMState": 1,
					"CheckPointList": [
						{
							"PKID": "707b6a89-e282-444a-ae44-94efa20051c6",
							"CheckPointName": "SharePoint WEB Services",
							"CheckPointDisplayName": "Services",
							"ObjRefIdentifier": "",
							"ServerId": "dfe190e8-1b7f-492e-90d4-3f1ca178c2bd",
							"OrderBy": 1,
							"IconRefFlag": "service",
							"CheckPointState": 1,
							"ServerFQDN": "UC-SQL03.corp.sinochem.com",
							"ServerName": "UC-SQL03"
						}, {
							"PKID": "707b6a89-e282-444a-ae44-94efa20051c6",
							"CheckPointName": "SharePoint WEB IIS",
							"CheckPointDisplayName": "WEB IIS",
							"ObjRefIdentifier": "",
							"ServerId": "dfe190e8-1b7f-492e-90d4-3f1ca178c2bd",
							"OrderBy": 2,
							"IconRefFlag": "iis",
							"CheckPointState": 2,
							"ServerFQDN": "UC-SP-WEB03.corp.sinochem.com",
							"ServerName": "UC-SP-WEB03"
						}
					],
					"DiskList": [
						{
							"ServerId": "dfe190e8-1b7f-492e-90d4-3f1ca178c2bd",
							"Symbol": "C:",
							"FreeMB": 137222,
							"FreePct": 83.5451049804688,
							"FreeMBTimeSampled": "/Date(1525819576000)/",
							"FreePctTimeSampled": "/Date(1525819576000)/",
							"UsedMB": 27027.00062317209,
							"UsedPct": 16.454895019531193,
							"TotalMB": 164249.0006231721,
							"DiskState": 1
						}, {
							"ServerId": "dfe190e8-1b7f-492e-90d4-3f1ca178c2bd",
							"Symbol": "D:",
							"FreeMB": 765883,
							"FreePct": 78.3177108764648,
							"FreeMBTimeSampled": "/Date(1525819576000)/",
							"FreePctTimeSampled": "/Date(1525819576000)/",
							"UsedMB": 212035.01040772628,
							"UsedPct": 21.6822891235352,
							"TotalMB": 977918.0104077263,
							"DiskState": 1
						}
					]
				}, {
					"PKID": "b78845c3-07b4-4b2a-bc72-d87aa15d8496",
					"ServerName": "UC-SP-WEB04",
					"GroupId": "5084d6ab-c95a-4fe8-8fda-b62399b0892c",
					"OrderBy": 4,
					"Features": "",
					"IsStone": false,
					"ServerState": 1,
					"FreeRAMMB": 127289,
					"FreeRAMMBTimeSampled": "/Date(1525819582000)/",
					"UsedRAMPct": 2.88051614041719,
					"UsedRAMPctTimeSampled": "/Date(1525821983223)/",
					"UsedRAMMB": 3775.3291556582485,
					"FreeRAMPct": 97.11948385958281,
					"TotalRAMMB": 131064.32915565824,
					"FQDN": "UC-SP-WEB04.corp.sinochem.com",
					"RAMState": 1,
					"CheckPointList": [
						{
							"PKID": "1c1d332c-3dcd-486f-b7de-b92306b4d143",
							"CheckPointName": "Skype WEB Services",
							"CheckPointDisplayName": "Services",
							"ObjRefIdentifier": "",
							"ServerId": "b78845c3-07b4-4b2a-bc72-d87aa15d8496",
							"OrderBy": 1,
							"IconRefFlag": "service",
							"CheckPointState": 3,
							"ServerFQDN": "UC-SP-WEB04.corp.sinochem.com",
							"ServerName": "UC-SP-WEB04"
						}, {
							"PKID": "1c1d332c-3dcd-486f-b7de-b92306b4d143",
							"CheckPointName": "Skype WEB IIS",
							"CheckPointDisplayName": "WEB IIS",
							"ObjRefIdentifier": "",
							"ServerId": "b78845c3-07b4-4b2a-bc72-d87aa15d8496",
							"OrderBy": 2,
							"IconRefFlag": "iis",
							"CheckPointState": 1,
							"ServerFQDN": "UC-SP-WEB04.corp.sinochem.com",
							"ServerName": "UC-SP-WEB04"
						}
					],
					"DiskList": [
						{
							"ServerId": "b78845c3-07b4-4b2a-bc72-d87aa15d8496",
							"Symbol": "C:",
							"FreeMB": 135983,
							"FreePct": 82.7907638549805,
							"FreeMBTimeSampled": "/Date(1525819583000)/",
							"FreePctTimeSampled": "/Date(1525819583000)/",
							"UsedMB": 28265.997917440487,
							"UsedPct": 17.209236145019503,
							"TotalMB": 164248.9979174405,
							"DiskState": 1
						}, {
							"ServerId": "b78845c3-07b4-4b2a-bc72-d87aa15d8496",
							"Symbol": "D:",
							"FreeMB": 762628,
							"FreePct": 77.98486328125,
							"FreeMBTimeSampled": "/Date(1525819583000)/",
							"FreePctTimeSampled": "/Date(1525819583000)/",
							"UsedMB": 215289.9803773017,
							"UsedPct": 22.01513671875,
							"TotalMB": 977917.9803773017,
							"DiskState": 1
						}
					]
				}
			]
		}, {
			"PKID": "7fd9293d-74a7-4bb4-bcd0-2263f688df5e",
			"TopographyID": "631d3cf6-dad7-47af-b680-9d07a6f4c771",
			"OrderBy": 3,
			"GroupName": "SP REF",
			"Features": "3",
			"ServerList": [
				{
					"PKID": "df6e200a-1584-4139-8ec7-96e535708bab",
					"ServerName": "UC-OWA",
					"GroupId": "7fd9293d-74a7-4bb4-bcd0-2263f688df5e",
					"OrderBy": 1,
					"Features": "img:OWA-WEB",
					"IsStone": true,
					"ServerState": 1
				}, {
					"PKID": "df6e200a-1584-4139-8ec7-96e535708bab",
					"ServerName": "UC-SQLVS05\\SP",
					"GroupId": "7fd9293d-74a7-4bb4-bcd0-2263f688df5e",
					"OrderBy": 2,
					"Features": "img:DBInstance",
					"IsStone": true,
					"ServerState": 2
				}, {
					"PKID": "df6e200a-1584-4139-8ec7-96e535708bab",
					"ServerName": "UC-SQLVS05\\SP",
					"GroupId": "7fd9293d-74a7-4bb4-bcd0-2263f688df5e",
					"OrderBy": 2,
					"Features": "img:DBInstance",
					"IsStone": true,
					"ServerState": 2
				}, {
					"PKID": "df6e200a-1584-4139-8ec7-96e535708bab",
					"ServerName": "UC-SQLVS05\\SP",
					"GroupId": "7fd9293d-74a7-4bb4-bcd0-2263f688df5e",
					"OrderBy": 2,
					"Features": "img:DBInstance",
					"IsStone": true,
					"ServerState": 2
				}, {
					"PKID": "df6e200a-1584-4139-8ec7-96e535708bab",
					"ServerName": "UC-SQLVS05\\SP",
					"GroupId": "7fd9293d-74a7-4bb4-bcd0-2263f688df5e",
					"OrderBy": 2,
					"Features": "img:DBInstance",
					"IsStone": true,
					"ServerState": 2
				}
			]
		}, {
			"PKID": "bedf292f-7342-4b31-8cba-00c5480bb494",
			"TopographyID": "631d3cf6-dad7-47af-b680-9d07a6f4c771",
			"OrderBy": 4,
			"GroupName": "S4B ARR",
			"Features": "4",
			"ServerList": [
				{
					"PKID": "757892d8-1752-40f2-a474-878e4489207f",
					"ServerName": "UC-ARR01",
					"GroupId": "bedf292f-7342-4b31-8cba-00c5480bb494",
					"OrderBy": 1,
					"Features": "",
					"IsStone": false,
					"ServerState": 1,
					"FreeRAMMB": 14357,
					"FreeRAMMBTimeSampled": "/Date(1525918611000)/",
					"UsedRAMPct": 12.4358750604412,
					"UsedRAMPctTimeSampled": "/Date(1525916511970)/",
					"UsedRAMMB": 2038.9840972657805,
					"FreeRAMPct": 87.5641249395588,
					"TotalRAMMB": 16395.98409726578,
					"FQDN": "UC-ARR01.corp.sinochem.com",
					"RAMState": 1,
					"CheckPointList": [
						{
							"PKID": "76390871-27dc-4314-8ff0-4abbee2bf8f2",
							"CheckPointName": "Skype ARR Services",
							"CheckPointDisplayName": "Services",
							"ObjRefIdentifier": "",
							"ServerId": "757892d8-1752-40f2-a474-878e4489207f",
							"OrderBy": 1,
							"IconRefFlag": "service",
							"CheckPointState": 1,
							"ServerFQDN": "UC-ARR01.corp.sinochem.com",
							"ServerName": "UC-ARR01"
						}
					],
					"DiskList": [
						{
							"ServerId": "757892d8-1752-40f2-a474-878e4489207f",
							"Symbol": "C:",
							"FreeMB": 54873,
							"FreePct": 53.7728080749512,
							"FreeMBTimeSampled": "/Date(1525918801000)/",
							"FreePctTimeSampled": "/Date(1525918801000)/",
							"UsedMB": 47173.00050552559,
							"UsedPct": 46.2271919250488,
							"TotalMB": 102046.00050552559,
							"DiskState": 1
						}
					]
				}, {
					"PKID": "1b8f29d5-be43-48e4-9f74-bd0d0aec0d6a",
					"ServerName": "UC-ARR02",
					"GroupId": "bedf292f-7342-4b31-8cba-00c5480bb494",
					"OrderBy": 2,
					"Features": "",
					"IsStone": false,
					"ServerState": 1,
					"FreeRAMMB": 14451,
					"FreeRAMMBTimeSampled": "/Date(1525918510000)/",
					"UsedRAMPct": 11.685116147325,
					"UsedRAMPctTimeSampled": "/Date(1525919111060)/",
					"UsedRAMMB": 1912.040259563551,
					"FreeRAMPct": 88.314883852675,
					"TotalRAMMB": 16363.040259563551,
					"FQDN": "UC-ARR02.corp.sinochem.com",
					"RAMState": 1,
					"CheckPointList": [
						{
							"PKID": "9c8f7ab0-845f-41bd-a0aa-0ca35b77578b",
							"CheckPointName": "Skype ARR Services",
							"CheckPointDisplayName": "Services",
							"ObjRefIdentifier": "",
							"ServerId": "1b8f29d5-be43-48e4-9f74-bd0d0aec0d6a",
							"OrderBy": 2,
							"IconRefFlag": "service",
							"CheckPointState": 1,
							"ServerFQDN": "UC-ARR02.corp.sinochem.com",
							"ServerName": "UC-ARR02"
						}
					],
					"DiskList": [
						{
							"ServerId": "1b8f29d5-be43-48e4-9f74-bd0d0aec0d6a",
							"Symbol": "C:",
							"FreeMB": 51249,
							"FreePct": 50.2214698791504,
							"FreeMBTimeSampled": "/Date(1525918655000)/",
							"FreePctTimeSampled": "/Date(1525918655000)/",
							"UsedMB": 50796.99770441245,
							"UsedPct": 49.7785301208496,
							"TotalMB": 102045.99770441245,
							"DiskState": 1
						}
					]
				}, {
					"PKID": "7e50ec8b-bde7-4b87-a812-e5e33a4111e9",
					"ServerName": "UC-ARR03",
					"GroupId": "bedf292f-7342-4b31-8cba-00c5480bb494",
					"OrderBy": 3,
					"Features": "",
					"IsStone": false,
					"ServerState": 1,
					"FreeRAMMB": 14414,
					"FreeRAMMBTimeSampled": "/Date(1525918545000)/",
					"UsedRAMPct": 12.1001698553893,
					"UsedRAMPctTimeSampled": "/Date(1525917645657)/",
					"UsedRAMMB": 1984.2114371397893,
					"FreeRAMPct": 87.8998301446107,
					"TotalRAMMB": 16398.211437139787,
					"FQDN": "UC-ARR03.corp.sinochem.com",
					"RAMState": 1,
					"CheckPointList": [
						{
							"PKID": "126b1611-4593-4207-91ac-ee31b5004e3c",
							"CheckPointName": "Skype ARR Services",
							"CheckPointDisplayName": "Services",
							"ObjRefIdentifier": "",
							"ServerId": "7e50ec8b-bde7-4b87-a812-e5e33a4111e9",
							"OrderBy": 3,
							"IconRefFlag": "service",
							"CheckPointState": 1,
							"ServerFQDN": "UC-ARR03.corp.sinochem.com",
							"ServerName": "UC-ARR03"
						}
					],
					"DiskList": [
						{
							"ServerId": "7e50ec8b-bde7-4b87-a812-e5e33a4111e9",
							"Symbol": "C:",
							"FreeMB": 54245,
							"FreePct": 53.157398223877,
							"FreeMBTimeSampled": "/Date(1525918909000)/",
							"FreePctTimeSampled": "/Date(1525918909000)/",
							"UsedMB": 47801.00264960762,
							"UsedPct": 46.842601776123,
							"TotalMB": 102046.00264960762,
							"DiskState": 1
						}
					]
				}
			]
		}, {
			"PKID": "34aa4294-c3a0-4bd7-b84b-172ee027c8d2",
			"TopographyID": "631d3cf6-dad7-47af-b680-9d07a6f4c771",
			"OrderBy": 5,
			"GroupName": "S4B Edge",
			"Features": "5",
			"ServerList": [
				{
					"PKID": "53579bcd-4674-4342-8921-b5da260828bf",
					"ServerName": "UC-SFB-EDGE01",
					"GroupId": "34aa4294-c3a0-4bd7-b84b-172ee027c8d2",
					"OrderBy": 1,
					"Features": "",
					"IsStone": false,
					"ServerState": 1,
					"FreeRAMMB": 20013,
					"FreeRAMMBTimeSampled": "/Date(1525917727000)/",
					"UsedRAMPct": 18.5285640987493,
					"UsedRAMPctTimeSampled": "/Date(1525918027760)/",
					"UsedRAMMB": 4551.43755852936,
					"FreeRAMPct": 81.4714359012507,
					"TotalRAMMB": 24564.43755852936,
					"FQDN": "UC-SFB-EDGE01.corp.sinochem.com",
					"RAMState": 1,
					"CheckPointList": [
						{
							"PKID": "9b292866-b3ae-4198-8621-21e8e1b1657e",
							"CheckPointName": "Skype Edge Services",
							"CheckPointDisplayName": "Services",
							"ObjRefIdentifier": "",
							"ServerId": "53579bcd-4674-4342-8921-b5da260828bf",
							"OrderBy": 1,
							"IconRefFlag": "service",
							"CheckPointState": 1,
							"ServerFQDN": "UC-SFB-EDGE01.corp.sinochem.com",
							"ServerName": "UC-SFB-EDGE01"
						}
					],
					"DiskList": [
						{
							"ServerId": "53579bcd-4674-4342-8921-b5da260828bf",
							"Symbol": "C:",
							"FreeMB": 174446,
							"FreePct": 85.3262023925781,
							"FreeMBTimeSampled": "/Date(1525917927000)/",
							"FreePctTimeSampled": "/Date(1525917927000)/",
							"UsedMB": 29999.99092479216,
							"UsedPct": 14.673797607421903,
							"TotalMB": 204445.99092479216,
							"DiskState": 1
						}
					]
				}, {
					"PKID": "191656bf-a671-40ee-bdbe-f8401ce63f3f",
					"ServerName": "UC-SFB-EDGE02",
					"GroupId": "34aa4294-c3a0-4bd7-b84b-172ee027c8d2",
					"OrderBy": 2,
					"Features": "",
					"IsStone": false,
					"ServerState": 1,
					"FreeRAMMB": 19917,
					"FreeRAMMBTimeSampled": "/Date(1525917984000)/",
					"UsedRAMPct": 18.8378153787661,
					"UsedRAMPctTimeSampled": "/Date(1525916784840)/",
					"UsedRAMMB": 4622.753449156484,
					"FreeRAMPct": 81.1621846212339,
					"TotalRAMMB": 24539.753449156484,
					"FQDN": "UC-SFB-EDGE02.corp.sinochem.com",
					"RAMState": 1,
					"CheckPointList": [
						{
							"PKID": "e025bb33-7611-49cb-9216-6e32b1369c6c",
							"CheckPointName": "Skype Edge Services",
							"CheckPointDisplayName": "Services",
							"ObjRefIdentifier": "",
							"ServerId": "191656bf-a671-40ee-bdbe-f8401ce63f3f",
							"OrderBy": 2,
							"IconRefFlag": "service",
							"CheckPointState": 1,
							"ServerFQDN": "UC-SFB-EDGE02.corp.sinochem.com",
							"ServerName": "UC-SFB-EDGE02"
						}
					],
					"DiskList": [
						{
							"ServerId": "191656bf-a671-40ee-bdbe-f8401ce63f3f",
							"Symbol": "C:",
							"FreeMB": 174397,
							"FreePct": 85.3022308349609,
							"FreeMBTimeSampled": "/Date(1525918327000)/",
							"FreePctTimeSampled": "/Date(1525918327000)/",
							"UsedMB": 30049.00134481344,
							"UsedPct": 14.697769165039105,
							"TotalMB": 204446.00134481344,
							"DiskState": 1
						}
					]
				}
			]
		}
	]
}