﻿{
	"DataSource": {
		"DNSList": {
			"DNS": [
				{
					"Name": "MailB 中化大厦",
					"State": "0",
					"Orderby": "1"
				}, {
					"Name": "MailC 中化大厦",
					"State": "2",
					"Orderby": "2"
				}, {
					"Name": "MailD 中化大厦",
					"State": "0",
					"Orderby": "3"
				}, {
					"Name": "MailE 中化国际",
					"State": "0",
					"Orderby": "4"
				}, {
					"Name": "MailF 中化国际",
					"State": "1",
					"Orderby": "5"
				}, {
					"Name": "MailG 伦敦油",
					"State": "0",
					"Orderby": "6"
				}, {
					"Name": "MailH 伦敦油",
					"State": "0",
					"Orderby": "7"
				}, {
					"Name": "MailH 伦敦油",
					"State": "0",
					"Orderby": "8"
				}
			]
		},
		"ARRServerList": {
			"ARRSerevr": [
				{
					"Name": "UC-ARR02",
					"State": "2",
					"Orderby": "0",
					"RAM": {
						"Total": "32",
						"Used": "7",
						"State": "0"
					},
					"DiskList": {
						"Disk": [
							{
								"Symbol": "C",
								"Total": "140",
								"Used": "20",
								"State": "0",
								"Orderby": "0"
							}, {
								"Symbol": "D",
								"Total": "500",
								"Used": "70",
								"State": "0",
								"Orderby": "1"
							}
						]
					},
					"CheckPointList": {
						"CheckPoint": [
							{
								"Name": "Services",
								"Icon": "Services.png",
								"State": "0",
								"Orderby": "0"
							}, {
								"Name": "Mail Queue",
								"Icon": "MailQueue.png",
								"State": "0",
								"Orderby": "1"
							}, {
								"Name": "OWA",
								"Icon": "OWA.png",
								"State": "0",
								"Orderby": "2"
							}
						]
					}
				},{
					"Name": "UC-ARR02",
					"State": "0",
					"Orderby": "1",
					"RAM": {
						"Total": "32",
						"Used": "7",
						"State": "0"
					},
					"DiskList": {
						"Disk": [
							{
								"Symbol": "C",
								"Total": "140",
								"Used": "20",
								"State": "0",
								"Orderby": "0"
							}, {
								"Symbol": "D",
								"Total": "500",
								"Used": "70",
								"State": "0",
								"Orderby": "1"
							}
						]
					},
					"CheckPointList": {
						"CheckPoint": [
							{
								"Name": "Services",
								"Icon": "Services.png",
								"State": "0",
								"Orderby": "0"
							}, {
								"Name": "Mail Queue",
								"Icon": "MailQueue.png",
								"State": "0",
								"Orderby": "1"
							}, {
								"Name": "OWA",
								"Icon": "OWA.png",
								"State": "0",
								"Orderby": "2"
							}
						]
					}
				}, {
					"Name": "UC-ARR03",
					"State": "1",
					"Orderby": "2",
					"RAM": {
						"Total": "32",
						"Used": "19",
						"State": "1"
					},
					"DiskList": {
						"Disk": [
							{
								"Symbol": "C",
								"Total": "100",
								"Used": "30",
								"State": "0",
								"Orderby": "0"
							}, {
								"Symbol": "D",
								"Total": "100",
								"Used": "70",
								"State": "1",
								"Orderby": "1"
							}
						]
					},
					"CheckPointList": {
						"CheckPoint": [
							{
								"Name": "Services",
								"Icon": "Services.png",
								"State": "0",
								"Orderby": "0"
							}, {
								"Name": "Mail Queue",
								"Icon": "MailQueue.png",
								"State": "0",
								"Orderby": "1"
							}, {
								"Name": "OWA",
								"Icon": "OWA.png",
								"State": "0",
								"Orderby": "2"
							}
						]
					}
				}
			]
		},
		"EDGEServerList": {
			"EDGEServer": [
				{
					"Name": "UC-EDGE-02",
					"State": "0",
					"Orderby": "0",
					"RAM": {
						"Total": "32",
						"Used": "25",
						"State": "0"
					},
					"DiskList": {
						"Disk": [
							{
								"Symbol": "C",
								"Total": "100",
								"Used": "30",
								"State": "0",
								"Orderby": "0"
							}
						]
					},
					"CheckPointList": {
						"CheckPoint": [
							{
								"Name": "Services",
								"Icon": "Services.png",
								"State": "0",
								"Orderby": "0"
							}, {
								"Name": "Mail Queue",
								"Icon": "MailQueue.png",
								"State": "0",
								"Orderby": "1"
							}
						]
					}
				}, {
					"Name": "UC-EDGE-03",
					"State": "1",
					"Orderby": "1",
					"RAM": {
						"Total": "32",
						"Used": "25",
						"State": "0"
					},
					"DiskList": {
						"Disk": [
							{
								"Symbol": "C",
								"Total": "100",
								"Used": "30",
								"State": "0",
								"Orderby": "0"
							}
						]
					},
					"CheckPointList": {
						"CheckPoint": [
							{
								"Name": "Services",
								"Icon": "Services.png",
								"State": "0",
								"Orderby": "0"
							}, {
								"Name": "Mail Queue",
								"Icon": "MailQueue.png",
								"State": "0",
								"Orderby": "1"
							}
						]
					}
				}, {
					"Name": "UC-EDGE-04",
					"State": "2",
					"Orderby": "2",
					"RAM": {
						"Total": "32",
						"Used": "25",
						"State": "0"
					},
					"DiskList": {
						"Disk": [
							{
								"Symbol": "C",
								"Total": "100",
								"Used": "30",
								"State": "0",
								"Orderby": "0"
							}
						]
					},
					"CheckPointList": {
						"CheckPoint": [
							{
								"Name": "Services",
								"Icon": "Services.png",
								"State": "0",
								"Orderby": "0"
							}, {
								"Name": "Mail Queue",
								"Icon": "MailQueue.png",
								"State": "0",
								"Orderby": "1"
							}
						]
					}
				}, {
					"Name": "UC-EDGE-04",
					"State": "0",
					"Orderby": "3",
					"RAM": {
						"Total": "32",
						"Used": "25",
						"State": "0"
					},
					"DiskList": {
						"Disk": [
							{
								"Symbol": "C",
								"Total": "100",
								"Used": "30",
								"State": "0",
								"Orderby": "0"
							}
						]
					},
					"CheckPointList": {
						"CheckPoint": [
							{
								"Name": "Services",
								"Icon": "Services.png",
								"State": "0",
								"Orderby": "0"
							}, {
								"Name": "Mail Queue",
								"Icon": "MailQueue.png",
								"State": "0",
								"Orderby": "1"
							}
						]
					}
				}
			]
		},
		"InternalServerList": {
			"Layer": [
				{
					"Orderby": "0",
					"Server": [
						{
							"Name": "UCSYNC01",
							"State": "0",
							"Orderby": "0",
							"RAM": {
								"Total": "88",
								"Used": "75",
								"State": "1"
							},
							"DiskList": {
								"Disk": [
									{
										"Symbol": "C",
										"Total": "100",
										"State": "0",
										"Orderby": "0"
									}
								]
							},
							"CheckPointList": {
								"CheckPoint": [
									{
										"Name": "Services",
										"Icon": "Services.png",
										"State": "0",
										"Orderby": "0"
									}
								]
							}
						}, {
							"Name": "UCADFS03",
							"State": "1",
							"Orderby": "1",
							"RAM": {
								"Total": "88",
								"Used": "75",
								"State": "1"
							},
							"DiskList": {
								"Disk": [
									{
										"Symbol": "C",
										"Total": "100",
										"Used": "30",
										"State": "0",
										"Orderby": "0"
									}
								]
							},
							"CheckPointList": {
								"CheckPoint": [
									{
										"Name": "Services",
										"Icon": "Services.png",
										"State": "0",
										"Orderby": "0"
									}, {
										"Name": "Test Page",
										"Icon": "OWA.png",
										"State": "0",
										"Orderby": "1"
									}
								]
							}
						},{
							"Name": "UCADFS01",
							"State": "2",
							"Orderby": "2",
							"RAM": {
								"Total": "88",
								"Used": "75",
								"State": "1"
							},
							"DiskList": {
								"Disk": [
									{
										"Symbol": "C",
										"Total": "100",
										"Used": "30",
										"State": "0",
										"Orderby": "0"
									}
								]
							},
							"CheckPointList": {
								"CheckPoint": [
									{
										"Name": "Services",
										"Icon": "Services.png",
										"State": "0",
										"Orderby": "0"
									}, {
										"Name": "Test Page",
										"Icon": "OWA.png",
										"State": "0",
										"Orderby": "1"
									}
								]
							}
						}
					]
				}, {
					"Orderby": "1",
					"Server": [
						{
							"Name": "UCEXFE01B",
							"State": "0",
							"OrderBy": "0",
							"RAM": {
								"Total": "88",
								"Used": "75",
								"State": "1"
							},
							"DiskList": {
								"Disk": [
									{
										"Symbol": "C",
										"Total": "100",
										"Used": "30",
										"State": "0",
										"Orderby": "0"
									}
								]
							},
							"CheckPointList": {
								"CheckPoint": [
									{
										"Name": "Services",
										"Icon": "Services.png",
										"State": "0",
										"Orderby": "0"
									}, {
										"Name": "Mail Queue",
										"Icon": "MailQueue.png",
										"State": "0",
										"Orderby": "1"
									}, {
										"Name": "OWA",
										"Icon": "OWA.png",
										"State": "0",
										"Orderby": "2"
									}
								]
							}
						},{
							"Name": "UCEXFE01B",
							"State": "1",
							"OrderBy": "1",
							"RAM": {
								"Total": "88",
								"Used": "75",
								"State": "1"
							},
							"DiskList": {
								"Disk": [
									{
										"Symbol": "C",
										"Total": "100",
										"Used": "30",
										"State": "0",
										"Orderby": "0"
									}
								]
							},
							"CheckPointList": {
								"CheckPoint": [
									{
										"Name": "Services",
										"Icon": "Services.png",
										"State": "0",
										"Orderby": "0"
									}, {
										"Name": "Mail Queue",
										"Icon": "MailQueue.png",
										"State": "0",
										"Orderby": "1"
									}, {
										"Name": "OWA",
										"Icon": "OWA.png",
										"State": "0",
										"Orderby": "2"
									}
								]
							}
						},{
							"Name": "UCEXFE01B",
							"State": "2",
							"OrderBy": "2",
							"RAM": {
								"Total": "88",
								"Used": "75",
								"State": "1"
							},
							"DiskList": {
								"Disk": [
									{
										"Symbol": "C",
										"Total": "100",
										"Used": "30",
										"State": "0",
										"Orderby": "0"
									}
								]
							},
							"CheckPointList": {
								"CheckPoint": [
									{
										"Name": "Services",
										"Icon": "Services.png",
										"State": "0",
										"Orderby": "0"
									}, {
										"Name": "Mail Queue",
										"Icon": "MailQueue.png",
										"State": "0",
										"Orderby": "1"
									}, {
										"Name": "OWA",
										"Icon": "OWA.png",
										"State": "0",
										"Orderby": "2"
									}
								]
							}
						}
					]
				}, {
					"Orderby": "2",
					"Server": [
						{
							"Name": "UC-EX-BE01",
							"State": "0",
							"OrderBy": "0",
							"RAM": {
								"Total": "88",
								"Used": "75",
								"State": "1"
							},
							"DiskList": {
								"Disk": [
									{
										"Symbol": "C",
										"Total": "100",
										"Used": "30",
										"State": "0",
										"Orderby": "0"
									}, {
										"Symbol": "D",
										"Total": "100",
										"Used": "30",
										"State": "0",
										"Orderby": "1"
									}
								]
							},
							"CheckPointList": {
								"CheckPoint": [
									{
										"Name": "Services",
										"Icon": "Services.png",
										"State": "0",
										"Orderby": "0"
									}, {
										"Name": "Mail Queue",
										"Icon": "MailQueue.png",
										"State": "0",
										"Orderby": "1"
									}, {
										"Name": "Cluster",
										"Icon": "Cluster.png",
										"State": "0",
										"Orderby": "2"
									}
								]
							}
						},{
							"Name": "UC-EX-BE01",
							"State": "1",
							"OrderBy": "1",
							"RAM": {
								"Total": "88",
								"Used": "75",
								"State": "1"
							},
							"DiskList": {
								"Disk": [
									{
										"Symbol": "C",
										"Total": "100",
										"Used": "30",
										"State": "0",
										"Orderby": "0"
									}, {
										"Symbol": "D",
										"Total": "100",
										"Used": "30",
										"State": "0",
										"Orderby": "1"
									}
								]
							},
							"CheckPointList": {
								"CheckPoint": [
									{
										"Name": "Services",
										"Icon": "Services.png",
										"State": "0",
										"Orderby": "0"
									}, {
										"Name": "Mail Queue",
										"Icon": "MailQueue.png",
										"State": "0",
										"Orderby": "1"
									}, {
										"Name": "Cluster",
										"Icon": "Cluster.png",
										"State": "0",
										"Orderby": "2"
									}
								]
							}
						},{
							"Name": "UC-EX-BE01",
							"State": "2",
							"OrderBy": "2",
							"RAM": {
								"Total": "88",
								"Used": "75",
								"State": "1"
							},
							"DiskList": {
								"Disk": [
									{
										"Symbol": "C",
										"Total": "100",
										"Used": "30",
										"State": "0",
										"Orderby": "0"
									}, {
										"Symbol": "D",
										"Total": "100",
										"Used": "30",
										"State": "0",
										"Orderby": "1"
									}
								]
							},
							"CheckPointList": {
								"CheckPoint": [
									{
										"Name": "Services",
										"Icon": "Services.png",
										"State": "0",
										"Orderby": "0"
									}, {
										"Name": "Mail Queue",
										"Icon": "MailQueue.png",
										"State": "0",
										"Orderby": "1"
									}, {
										"Name": "Cluster",
										"Icon": "Cluster.png",
										"State": "0",
										"Orderby": "2"
									}
								]
							}
						}
					]
				}, {
					"Orderby": "3",
					"Server": [
						{
							"Name": "UCEXBE01B",
							"State": "0",
							"OrderBy": "0",
							"RAM": {
								"Total": "88",
								"Used": "75",
								"State": "1"
							},
							"DiskList": {
								"Disk": [
									{
										"Symbol": "C",
										"Total": "100",
										"Used": "30",
										"State": "0",
										"Orderby": "0"
									}, {
										"Symbol": "D",
										"Total": "100",
										"Used": "30",
										"State": "0",
										"Orderby": "1"
									}
								]
							},
							"CheckPointList": {
								"CheckPoint": [
									{
										"Name": "Services",
										"Icon": "Services.png",
										"State": "0",
										"Orderby": "0"
									}, {
										"Name": "Mail Queue",
										"Icon": "MailQueue.png",
										"State": "0",
										"Orderby": "1"
									}, {
										"Name": "Cluster",
										"Icon": "Cluster.png",
										"State": "0",
										"Orderby": "2"
									}
								]
							}
						}, {
							"Name": "UCEXBE02B",
							"State": "1",
							"OrderBy": "1",
							"RAM": {
								"Total": "88",
								"Used": "75",
								"State": "1"
							},
							"DiskList": {
								"Disk": [
									{
										"Symbol": "C",
										"Total": "100",
										"Used": "30",
										"State": "0",
										"Orderby": "0"
									}, {
										"Symbol": "D",
										"Total": "100",
										"Used": "30",
										"State": "0",
										"Orderby": "1"
									}
								]
							},
							"CheckPointList": {
								"CheckPoint": [
									{
										"Name": "Services",
										"Icon": "Services.png",
										"State": "0",
										"Orderby": "0"
									}, {
										"Name": "Mail Queue",
										"Icon": "MailQueue.png",
										"State": "0",
										"Orderby": "1"
									}, {
										"Name": "Cluster",
										"Icon": "Cluster.png",
										"State": "0",
										"Orderby": "2"
									}
								]
							}
						}, {
							"Name": "UCEXBE03B",
							"State": "2",
							"OrderBy": "2",
							"RAM": {
								"Total": "88",
								"Used": "75",
								"State": "1"
							},
							"DiskList": {
								"Disk": [
									{
										"Symbol": "C",
										"Total": "100",
										"Used": "30",
										"State": "0",
										"Orderby": "0"
									}, {
										"Symbol": "D",
										"Total": "100",
										"Used": "30",
										"State": "0",
										"Orderby": "1"
									}
								]
							},
							"CheckPointList": {
								"CheckPoint": [
									{
										"Name": "Services",
										"Icon": "Services.png",
										"State": "0",
										"Orderby": "0"
									}, {
										"Name": "Mail Queue",
										"Icon": "MailQueue.png",
										"State": "0",
										"Orderby": "1"
									}, {
										"Name": "Cluster",
										"Icon": "Cluster.png",
										"State": "0",
										"Orderby": "2"
									}
								]
							}
						}
					]
				}
			]
		}
	}
}