﻿{
	"PKID": "631d3cf6-dad7-47af-b680-9d07a6f4c771",
	"TopographyName": "Skype for Business拓扑",
	"OrderBy": 2,
	"IsCustom": true,
	"SpecifiedWidth": 4614,
	"SpecifiedHeight": 2277,
	"Features": "",
	"GroupList": [
		{
			"PKID": "4d6fb0bb-aad5-4fb0-9601-aef39dd9c007",
			"TopographyID": "631d3cf6-dad7-47af-b680-9d07a6f4c771",
			"OrderBy": 1,
			"GroupName": "S4B OWA",
			"Features": "1",
			"ServerList": [
				{
					"PKID": "c30a0b41-b7f4-4db4-a58d-cbb51f4c7891",
					"ServerName": "UC-OWA01",
					"GroupId": "4d6fb0bb-aad5-4fb0-9601-aef39dd9c007",
					"OrderBy": 1,
					"Features": "",
					"IsStone": false,
					"ServerState": 1,
					"FreeRAMMB": 23993,
					"FreeRAMMBTimeSampled": "/Date(1525919108000)/",
					"UsedRAMPct": 26.5062717113749,
					"UsedRAMPctTimeSampled": "/Date(1525919708800)/",
					"UsedRAMMB": 8653.32310633979,
					"FreeRAMPct": 73.4937282886251,
					"TotalRAMMB": 32646.32310633979,
					"FQDN": "UC-OWA01.corp.sinochem.com",
					"RAMState": 1,
					"CheckPointList": [
						{
							"PKID": "6779a4e5-6d26-45b3-b1fa-b8e00b95960f",
							"CheckPointName": "Skype OWA Services",
							"CheckPointDisplayName": "Services",
							"ObjRefIdentifier": "",
							"ServerId": "c30a0b41-b7f4-4db4-a58d-cbb512018-05-10f4c7891",
							"OrderBy": 1,
							"IconRefFlag": "service",
							"CheckPointState": 1,
							"ServerFQDN": "UC-OWA01.corp.sinochem.com",
							"ServerName": "UC-OWA01"
						}
					],
					"DiskList": [
						{
							"ServerId": "c30a0b41-b7f4-4db4-a58d-cbb51f4c7891",
							"Symbol": "C:",
							"FreeMB": 127913,
							"FreePct": 83.4690628051758,
							"FreeMBTimeSampled": "/Date(1525919378000)/",
							"FreePctTimeSampled": "/Date(1525919378000)/",
							"UsedMB": 25333.000016269856,
							"UsedPct": 16.530937194824205,
							"TotalMB": 153246.00001626986,
							"DiskState": 1
						}
					]
				}, {
					"PKID": "5e3ea5d2-d6a3-4986-bff8-af3ab7d81390",
					"ServerName": "UC-OWA02",
					"GroupId": "4d6fb0bb-aad5-4fb0-9601-aef39dd9c007",
					"OrderBy": 2,
					"Features": "",
					"IsStone": false,
					"ServerState": 1,
					"FreeRAMMB": 25696,
					"FreeRAMMBTimeSampled": "/Date(1525919108000)/",
					"UsedRAMPct": 21.5684404527172,
					"UsedRAMPctTimeSampled": "/Date(1525917008260)/",
					"UsedRAMMB": 7066.32188715954,
					"FreeRAMPct": 78.4315595472828,
					"TotalRAMMB": 32762.321887159538,
					"FQDN": "UC-OWA02.corp.sinochem.com",
					"RAMState": 1,
					"CheckPointList": [
						{
							"PKID": "fb65b550-bb83-47f2-9783-bc0080f3e2a9",
							"CheckPointName": "Skype OWA Services",
							"CheckPointDisplayName": "Services",
							"ObjRefIdentifier": "",
							"ServerId": "5e3ea5d2-d6a3-4986-bff8-af3ab7d81390",
							"OrderBy": 2,
							"IconRefFlag": "service",
							"CheckPointState": 1,
							"ServerFQDN": "UC-OWA02.corp.sinochem.com",
							"ServerName": "UC-OWA02"
						}
					],
					"DiskList": [
						{
							"ServerId": "5e3ea5d2-d6a3-4986-bff8-af3ab7d81390",
							"Symbol": "C:",
							"FreeMB": 130143,
							"FreePct": 84.9242401123047,
							"FreeMBTimeSampled": "/Date(1525919409000)/",
							"FreePctTimeSampled": "/Date(1525919409000)/",
							"UsedMB": 23102.998819533183,
							"UsedPct": 15.075759887695298,
							"TotalMB": 153245.99881953318,
							"DiskState": 1
						}
					]
				}, {
					"PKID": "5ae88432-15f2-427d-a651-8976f9fbd990",
					"ServerName": "UC-OWA03",
					"GroupId": "4d6fb0bb-aad5-4fb0-9601-aef39dd9c007",
					"OrderBy": 3,
					"Features": "",
					"IsStone": false,
					"ServerState": 1,
					"FreeRAMMB": 25563,
					"FreeRAMMBTimeSampled": "/Date(1525919075000)/",
					"UsedRAMPct": 22.0475748826364,
					"UsedRAMPctTimeSampled": "/Date(1525919676177)/",
					"UsedRAMMB": 7230.078549529232,
					"FreeRAMPct": 77.9524251173636,
					"TotalRAMMB": 32793.07854952923,
					"FQDN": "UC-OWA03.corp.sinochem.com",
					"RAMState": 1,
					"CheckPointList": [
						{
							"PKID": "d682cedb-0507-4135-8611-ec106719814f",
							"CheckPointName": "Skype OWA Services",
							"CheckPointDisplayName": "Services",
							"ObjRefIdentifier": "",
							"ServerId": "5ae88432-15f2-427d-a651-8976f9fbd990",
							"OrderBy": 3,
							"IconRefFlag": "service",
							"CheckPointState": 1,
							"ServerFQDN": "UC-OWA03.corp.sinochem.com",
							"ServerName": "UC-OWA03"
						}
					],
					"DiskList": [
						{
							"ServerId": "5ae88432-15f2-427d-a651-8976f9fbd990",
							"Symbol": "C:",
							"FreeMB": 129236,
							"FreePct": 84.3323822021484,
							"FreeMBTimeSampled": "/Date(1525919278000)/",
							"FreePctTimeSampled": "/Date(1525919278000)/",
							"UsedMB": 24009.997119132342,
							"UsedPct": 15.667617797851605,
							"TotalMB": 153245.99711913234,
							"DiskState": 1
						}
					]
				}, {
					"PKID": "24decbff-2d98-4abf-8ca8-2b093e7b60e5",
					"ServerName": "UC-OWA04",
					"GroupId": "4d6fb0bb-aad5-4fb0-9601-aef39dd9c007",
					"OrderBy": 4,
					"Features": "",
					"IsStone": false,
					"ServerState": 1,
					"FreeRAMMB": 24833,
					"FreeRAMMBTimeSampled": "/Date(1525919205000)/",
					"UsedRAMPct": 23.6253615085487,
					"UsedRAMPctTimeSampled": "/Date(1525919505727)/",
					"UsedRAMMB": 7681.720187879628,
					"FreeRAMPct": 76.3746384914513,
					"TotalRAMMB": 32514.72018787963,
					"FQDN": "UC-OWA04.corp.sinochem.com",
					"RAMState": 1,
					"CheckPointList": [
						{
							"PKID": "eeebce5f-ba04-4384-a2be-a01756ea8809",
							"CheckPointName": "Skype OWA Services",
							"CheckPointDisplayName": "Services",
							"ObjRefIdentifier": "",
							"ServerId": "24decbff-2d98-4abf-8ca8-2b093e7b60e5",
							"OrderBy": 4,
							"IconRefFlag": "service",
							"CheckPointState": 1,
							"ServerFQDN": "UC-OWA04.corp.sinochem.com",
							"ServerName": "UC-OWA04"
						}
					],
					"DiskList": [
						{
							"ServerId": "24decbff-2d98-4abf-8ca8-2b093e7b60e5",
							"Symbol": "C:",
							"FreeMB": 129696,
							"FreePct": 84.6325531005859,
							"FreeMBTimeSampled": "/Date(1525919440000)/",
							"FreePctTimeSampled": "/Date(1525919440000)/",
							"UsedMB": 23549.997253392736,
							"UsedPct": 15.367446899414105,
							"TotalMB": 153245.99725339274,
							"DiskState": 1
						}
					]
				}, {
					"PKID": "674c5591-b3bc-477b-9cd3-b16b94bcf64c",
					"ServerName": "UC-OWA05",
					"GroupId": "4d6fb0bb-aad5-4fb0-9601-aef39dd9c007",
					"OrderBy": 5,
					"Features": "",
					"IsStone": false,
					"ServerState": 1,
					"FreeRAMMB": 11939,
					"FreeRAMMBTimeSampled": "/Date(1525919579000)/",
					"UsedRAMPct": 63.5644206445522,
					"UsedRAMPctTimeSampled": "/Date(1525919580117)/",
					"UsedRAMMB": 20828.421875000036,
					"FreeRAMPct": 36.4355793554478,
					"TotalRAMMB": 32767.421875000036,
					"FQDN": "UC-OWA05.corp.sinochem.com",
					"RAMState": 1,
					"CheckPointList": [
						{
							"PKID": "dd9806c2-aea4-47b9-8004-dc5c869cbde5",
							"CheckPointName": "Skype OWA Services",
							"CheckPointDisplayName": "Services",
							"ObjRefIdentifier": "",
							"ServerId": "674c5591-b3bc-477b-9cd3-b16b94bcf64c",
							"OrderBy": 5,
							"IconRefFlag": "service",
							"CheckPointState": 1,
							"ServerFQDN": "UC-OWA05.corp.sinochem.com",
							"ServerName": "UC-OWA05"
						}
					],
					"DiskList": [
						{
							"ServerId": "674c5591-b3bc-477b-9cd3-b16b94bcf64c",
							"Symbol": "C:",
							"FreeMB": 105140,
							"FreePct": 68.608642578125,
							"FreeMBTimeSampled": "/Date(1525916330000)/",
							"FreePctTimeSampled": "/Date(1525916330000)/",
							"UsedMB": 48105.99940929681,
							"UsedPct": 31.391357421875,
							"TotalMB": 153245.9994092968,
							"DiskState": 1
						}
					]
				}, {
					"PKID": "a5fcedc0-2f9a-410e-8f48-9df15cb2905c",
					"ServerName": "UC-OWA06",
					"GroupId": "4d6fb0bb-aad5-4fb0-9601-aef39dd9c007",
					"OrderBy": 6,
					"Features": "",
					"IsStone": false,
					"ServerState": 1,
					"FreeRAMMB": 12381,
					"FreeRAMMBTimeSampled": "/Date(1525919686000)/",
					"UsedRAMPct": 62.0995510498947,
					"UsedRAMPctTimeSampled": "/Date(1525918786247)/",
					"UsedRAMMB": 20286.15921043358,
					"FreeRAMPct": 37.9004489501053,
					"TotalRAMMB": 32667.159210433576,
					"FQDN": "UC-OWA06.corp.sinochem.com",
					"RAMState": 1,
					"CheckPointList": [
						{
							"PKID": "3d607b8b-6707-4f2c-b0b4-027cf95a2173",
							"CheckPointName": "Skype OWA Services",
							"CheckPointDisplayName": "Services",
							"ObjRefIdentifier": "",
							"ServerId": "a5fcedc0-2f9a-410e-8f48-9df15cb2905c",
							"OrderBy": 6,
							"IconRefFlag": "service",
							"CheckPointState": 1,
							"ServerFQDN": "UC-OWA06.corp.sinochem.com",
							"ServerName": "UC-OWA06"
						}
					],
					"DiskList": [
						{
							"ServerId": "a5fcedc0-2f9a-410e-8f48-9df15cb2905c",
							"Symbol": "C:",
							"FreeMB": 110835,
							"FreePct": 72.3248901367188,
							"FreeMBTimeSampled": "/Date(1525919823000)/",
							"FreePctTimeSampled": "/Date(1525919823000)/",
							"UsedMB": 42410.998425277794,
							"UsedPct": 27.675109863281193,
							"TotalMB": 153245.9984252778,
							"DiskState": 1
						}
					]
				}
			]
		}, {
			"PKID": "5084d6ab-c95a-4fe8-8fda-b62399b0892c",
			"TopographyID": "631d3cf6-dad7-47af-b680-9d07a6f4c771",
			"OrderBy": 2,
			"GroupName": "S4B SQL",
			"Features": "2",
			"ServerList": [
				{
					"PKID": "13ab769a-e43d-452f-ad40-70a15bf3d3b3",
					"ServerName": "UC-SQL01",
					"GroupId": "5084d6ab-c95a-4fe8-8fda-b62399b0892c",
					"OrderBy": 1,
					"Features": "",
					"IsStone": false,
					"ServerState": 4,
					"FreeRAMMB": 0,
					"FreeRAMMBTimeSampled": "/Date(-62135596800000)/",
					"UsedRAMPct": 0,
					"UsedRAMPctTimeSampled": "/Date(-62135596800000)/",
					"UsedRAMMB": 0,
					"FreeRAMPct": 0,
					"TotalRAMMB": 0,
					"FQDN": "UC-SQL01.corp.sinochem.com",
					"RAMState": 4,
					"CheckPointList": [
						{
							"PKID": "b1d1e30e-b464-4c00-b3bd-5bb821f3ff6a",
							"CheckPointName": "Skype SQL Services",
							"CheckPointDisplayName": "Services",
							"ObjRefIdentifier": "",
							"ServerId": "13ab769a-e43d-452f-ad40-70a15bf3d3b3",
							"OrderBy": 1,
							"IconRefFlag": "service",
							"CheckPointState": 1,
							"ServerFQDN": "UC-SQL01.corp.sinochem.com",
							"ServerName": "UC-SQL01"
						}, {
							"PKID": "180b4db5-1533-4bbb-89bb-6a1eada0854b",
							"CheckPointName": "SQLClusterDisks",
							"CheckPointDisplayName": "Cluster Disks",
							"ObjRefIdentifier": "",
							"ServerId": "13ab769a-e43d-452f-ad40-70a15bf3d3b3",
							"OrderBy": 2147483647,
							"IconRefFlag": "clusterdisks",
							"CheckPointState": 1,
							"ServerFQDN": "UC-SQL01.corp.sinochem.com",
							"ServerName": "UC-SQL01"
						}
					],
					"DiskList": [
						{
							"ServerId": "13ab769a-e43d-452f-ad40-70a15bf3d3b3",
							"Symbol": "C:",
							"FreeMB": 131767,
							"FreePct": 80.2239303588867,
							"FreeMBTimeSampled": "/Date(1525919507000)/",
							"FreePctTimeSampled": "/Date(1525919507000)/",
							"UsedMB": 32481.995792816655,
							"UsedPct": 19.776069641113295,
							"TotalMB": 164248.99579281666,
							"DiskState": 1
						}, {
							"ServerId": "13ab769a-e43d-452f-ad40-70a15bf3d3b3",
							"Symbol": "D:",
							"FreeMB": 765905,
							"FreePct": 78.3199615478516,
							"FreeMBTimeSampled": "/Date(1525919507000)/",
							"FreePctTimeSampled": "/Date(1525919507000)/",
							"UsedMB": 212012.99799601606,
							"UsedPct": 21.680038452148395,
							"TotalMB": 977917.997996016,
							"DiskState": 1
						}
					]
				}, {
					"PKID": "0add4414-5c56-4a06-84d5-f1536d503f9a",
					"ServerName": "UC-SQL02",
					"GroupId": "5084d6ab-c95a-4fe8-8fda-b62399b0892c",
					"OrderBy": 2,
					"Features": "",
					"IsStone": false,
					"ServerState": 1,
					"FreeRAMMB": 102699,
					"FreeRAMMBTimeSampled": "/Date(1525917153000)/",
					"UsedRAMPct": 21.6199139964695,
					"UsedRAMPctTimeSampled": "/Date(1525919853820)/",
					"UsedRAMMB": 28327.903945185895,
					"FreeRAMPct": 78.3800860035305,
					"TotalRAMMB": 131026.90394518588,
					"FQDN": "UC-SQL02.corp.sinochem.com",
					"RAMState": 1,
					"CheckPointList": [
						{
							"PKID": "8c2e3edd-3817-42e5-a72a-f599d5dbe8e2",
							"CheckPointName": "Skype SQL Services",
							"CheckPointDisplayName": "Services",
							"ObjRefIdentifier": "",
							"ServerId": "0add4414-5c56-4a06-84d5-f1536d503f9a",
							"OrderBy": 2,
							"IconRefFlag": "service",
							"CheckPointState": 1,
							"ServerFQDN": "UC-SQL02.corp.sinochem.com",
							"ServerName": "UC-SQL02"
						}, {
							"PKID": "59b78a20-e79e-46b5-a37d-c37e8836d9f4",
							"CheckPointName": "SQLClusterDisks",
							"CheckPointDisplayName": "Cluster Disks",
							"ObjRefIdentifier": "",
							"ServerId": "0add4414-5c56-4a06-84d5-f1536d503f9a",
							"OrderBy": 2147483647,
							"IconRefFlag": "clusterdisks",
							"CheckPointState": 1,
							"ServerFQDN": "UC-SQL02.corp.sinochem.com",
							"ServerName": "UC-SQL02"
						}
					],
					"DiskList": [
						{
							"ServerId": "0add4414-5c56-4a06-84d5-f1536d503f9a",
							"Symbol": "C:",
							"FreeMB": 132933,
							"FreePct": 80.9338226318359,
							"FreeMBTimeSampled": "/Date(1525917153000)/",
							"FreePctTimeSampled": "/Date(1525917153000)/",
							"UsedMB": 31316.007000084355,
							"UsedPct": 19.066177368164105,
							"TotalMB": 164249.00700008436,
							"DiskState": 1
						}, {
							"ServerId": "0add4414-5c56-4a06-84d5-f1536d503f9a",
							"Symbol": "D:",
							"FreeMB": 764858,
							"FreePct": 78.2128982543945,
							"FreeMBTimeSampled": "/Date(1525917153000)/",
							"FreePctTimeSampled": "/Date(1525917153000)/",
							"UsedMB": 213059.98676508619,
							"UsedPct": 21.787101745605497,
							"TotalMB": 977917.9867650862,
							"DiskState": 1
						}
					]
				}, {
					"PKID": "dfe190e8-1b7f-492e-90d4-3f1ca178c2bd",
					"ServerName": "UC-SQL03",
					"GroupId": "5084d6ab-c95a-4fe8-8fda-b62399b0892c",
					"OrderBy": 3,
					"Features": "",
					"IsStone": false,
					"ServerState": 1,
					"FreeRAMMB": 126434,
					"FreeRAMMBTimeSampled": "/Date(1525916776000)/",
					"UsedRAMPct": 3.50930890147868,
					"UsedRAMPctTimeSampled": "/Date(1525919176510)/",
					"UsedRAMMB": 4598.329192155147,
					"FreeRAMPct": 96.49069109852132,
					"TotalRAMMB": 131032.32919215514,
					"FQDN": "UC-SQL03.corp.sinochem.com",
					"RAMState": 1,
					"CheckPointList": [
						{
							"PKID": "707b6a89-e282-444a-ae44-94efa20051c6",
							"CheckPointName": "Skype SQL Services",
							"CheckPointDisplayName": "Services",
							"ObjRefIdentifier": "",
							"ServerId": "dfe190e8-1b7f-492e-90d4-3f1ca178c2bd",
							"OrderBy": 3,
							"IconRefFlag": "service",
							"CheckPointState": 1,
							"ServerFQDN": "UC-SQL03.corp.sinochem.com",
							"ServerName": "UC-SQL03"
						}
					],
					"DiskList": [
						{
							"ServerId": "dfe190e8-1b7f-492e-90d4-3f1ca178c2bd",
							"Symbol": "C:",
							"FreeMB": 137227,
							"FreePct": 83.5481491088867,
							"FreeMBTimeSampled": "/Date(1525916776000)/",
							"FreePctTimeSampled": "/Date(1525916776000)/",
							"UsedMB": 27022.00068241448,
							"UsedPct": 16.451850891113295,
							"TotalMB": 164249.00068241448,
							"DiskState": 1
						}, {
							"ServerId": "dfe190e8-1b7f-492e-90d4-3f1ca178c2bd",
							"Symbol": "D:",
							"FreeMB": 765883,
							"FreePct": 78.3177108764648,
							"FreeMBTimeSampled": "/Date(1525916776000)/",
							"FreePctTimeSampled": "/Date(1525916776000)/",
							"UsedMB": 212035.01040772628,
							"UsedPct": 21.6822891235352,
							"TotalMB": 977918.0104077263,
							"DiskState": 1
						}
					]
				}, {
					"PKID": "b78845c3-07b4-4b2a-bc72-d87aa15d8496",
					"ServerName": "UC-SQL04",
					"GroupId": "5084d6ab-c95a-4fe8-8fda-b62399b0892c",
					"OrderBy": 4,
					"Features": "",
					"IsStone": false,
					"ServerState": 1,
					"FreeRAMMB": 127306,
					"FreeRAMMBTimeSampled": "/Date(1525916782000)/",
					"UsedRAMPct": 2.88051614041719,
					"UsedRAMPctTimeSampled": "/Date(1525918283270)/",
					"UsedRAMMB": 3775.8333672998374,
					"FreeRAMPct": 97.11948385958281,
					"TotalRAMMB": 131081.83336729984,
					"FQDN": "UC-SQL04.corp.sinochem.com",
					"RAMState": 1,
					"CheckPointList": [
						{
							"PKID": "1c1d332c-3dcd-486f-b7de-b92306b4d143",
							"CheckPointName": "Skype SQL Services",
							"CheckPointDisplayName": "Services",
							"ObjRefIdentifier": "",
							"ServerId": "b78845c3-07b4-4b2a-bc72-d87aa15d8496",
							"OrderBy": 4,
							"IconRefFlag": "service",
							"CheckPointState": 1,
							"ServerFQDN": "UC-SQL04.corp.sinochem.com",
							"ServerName": "UC-SQL04"
						}
					],
					"DiskList": [
						{
							"ServerId": "b78845c3-07b4-4b2a-bc72-d87aa15d8496",
							"Symbol": "C:",
							"FreeMB": 135955,
							"FreePct": 82.7737121582031,
							"FreeMBTimeSampled": "/Date(1525916783000)/",
							"FreePctTimeSampled": "/Date(1525916783000)/",
							"UsedMB": 28294.006665489374,
							"UsedPct": 17.226287841796903,
							"TotalMB": 164249.00666548937,
							"DiskState": 1
						}, {
							"ServerId": "b78845c3-07b4-4b2a-bc72-d87aa15d8496",
							"Symbol": "D:",
							"FreeMB": 762628,
							"FreePct": 77.98486328125,
							"FreeMBTimeSampled": "/Date(1525916783000)/",
							"FreePctTimeSampled": "/Date(1525916783000)/",
							"UsedMB": 215289.9803773017,
							"UsedPct": 22.01513671875,
							"TotalMB": 977917.9803773017,
							"DiskState": 1
						}
					]
				}, {
					"PKID": "90bea03f-a5c2-4f23-88c6-9dc18881de00",
					"ServerName": "UC-SQL05",
					"GroupId": "5084d6ab-c95a-4fe8-8fda-b62399b0892c",
					"OrderBy": 5,
					"Features": "",
					"IsStone": false,
					"ServerState": 3,
					"FreeRAMMB": 4950,
					"FreeRAMMBTimeSampled": "/Date(1525916795000)/",
					"UsedRAMPct": 96.1806944549602,
					"UsedRAMPctTimeSampled": "/Date(1525919495877)/",
					"UsedRAMMB": 124654.71325549373,
					"FreeRAMPct": 3.8193055450397964,
					"TotalRAMMB": 129604.7132554937,
					"FQDN": "UC-SQL05.corp.sinochem.com",
					"RAMState": 3,
					"CheckPointList": [
						{
							"PKID": "c38137c7-c25b-42ec-8e5b-95551fdc3810",
							"CheckPointName": "Skype SQL Services",
							"CheckPointDisplayName": "Services",
							"ObjRefIdentifier": "",
							"ServerId": "90bea03f-a5c2-4f23-88c6-9dc18881de00",
							"OrderBy": 5,
							"IconRefFlag": "service",
							"CheckPointState": 1,
							"ServerFQDN": "UC-SQL05.corp.sinochem.com",
							"ServerName": "UC-SQL05"
						}, {
							"PKID": "9e7ac715-0337-467e-bf49-c08cdd79497b",
							"CheckPointName": "SQLClusterDisks",
							"CheckPointDisplayName": "Cluster Disks",
							"ObjRefIdentifier": "",
							"ServerId": "90bea03f-a5c2-4f23-88c6-9dc18881de00",
							"OrderBy": 2147483647,
							"IconRefFlag": "clusterdisks",
							"CheckPointState": 1,
							"ServerFQDN": "UC-SQL05.corp.sinochem.com",
							"ServerName": "UC-SQL05"
						}
					],
					"DiskList": [
						{
							"ServerId": "90bea03f-a5c2-4f23-88c6-9dc18881de00",
							"Symbol": "C:",
							"FreeMB": 136714,
							"FreePct": 83.2358169555664,
							"FreeMBTimeSampled": "/Date(1525916795000)/",
							"FreePctTimeSampled": "/Date(1525916795000)/",
							"UsedMB": 27535.003614611865,
							"UsedPct": 16.764183044433594,
							"TotalMB": 164249.00361461187,
							"DiskState": 1
						}, {
							"ServerId": "90bea03f-a5c2-4f23-88c6-9dc18881de00",
							"Symbol": "D:",
							"FreeMB": 765979,
							"FreePct": 78.3275299072266,
							"FreeMBTimeSampled": "/Date(1525916795000)/",
							"FreePctTimeSampled": "/Date(1525916795000)/",
							"UsedMB": 211938.98223082966,
							"UsedPct": 21.672470092773395,
							"TotalMB": 977917.9822308297,
							"DiskState": 1
						}
					]
				}, {
					"PKID": "d8fc2bef-e048-48cf-86a1-8bb6795727d2",
					"ServerName": "UC-SQL06",
					"GroupId": "5084d6ab-c95a-4fe8-8fda-b62399b0892c",
					"OrderBy": 6,
					"Features": "",
					"IsStone": false,
					"ServerState": 4,
					"FreeRAMMB": 118014,
					"FreeRAMMBTimeSampled": "/Date(1525917832000)/",
					"UsedRAMPct": 9.95809451951003,
					"UsedRAMPctTimeSampled": "/Date(1525917532823)/",
					"UsedRAMMB": 13051.640348505227,
					"FreeRAMPct": 90.04190548048997,
					"TotalRAMMB": 131065.64034850523,
					"FQDN": "UC-SQL06.corp.sinochem.com",
					"RAMState": 1,
					"CheckPointList": [
						{
							"PKID": "25507a9b-888a-481a-9208-dcfbaa3a64a4",
							"CheckPointName": "Skype SQL Services",
							"CheckPointDisplayName": "Services",
							"ObjRefIdentifier": "",
							"ServerId": "d8fc2bef-e048-48cf-86a1-8bb6795727d2",
							"OrderBy": 6,
							"IconRefFlag": "service",
							"CheckPointState": 1,
							"ServerFQDN": "UC-SQL06.corp.sinochem.com",
							"ServerName": "UC-SQL06"
						}, {
							"PKID": "793889e6-fd19-4e11-86de-90acc74d8aba",
							"CheckPointName": "SQLClusterDisks",
							"CheckPointDisplayName": "Cluster Disks",
							"ObjRefIdentifier": "",
							"ServerId": "d8fc2bef-e048-48cf-86a1-8bb6795727d2",
							"OrderBy": 2147483647,
							"IconRefFlag": "clusterdisks",
							"CheckPointState": 4,
							"ServerFQDN": "UC-SQL06.corp.sinochem.com",
							"ServerName": "UC-SQL06"
						}
					],
					"DiskList": [
						{
							"ServerId": "d8fc2bef-e048-48cf-86a1-8bb6795727d2",
							"Symbol": "C:",
							"FreeMB": 137207,
							"FreePct": 83.5359725952148,
							"FreeMBTimeSampled": "/Date(1525917832000)/",
							"FreePctTimeSampled": "/Date(1525917832000)/",
							"UsedMB": 27042.00044541966,
							"UsedPct": 16.4640274047852,
							"TotalMB": 164249.00044541966,
							"DiskState": 1
						}, {
							"ServerId": "d8fc2bef-e048-48cf-86a1-8bb6795727d2",
							"Symbol": "D:",
							"FreeMB": 766648,
							"FreePct": 78.3959426879883,
							"FreeMBTimeSampled": "/Date(1525917832000)/",
							"FreePctTimeSampled": "/Date(1525917832000)/",
							"UsedMB": 211269.95559014892,
							"UsedPct": 21.604057312011705,
							"TotalMB": 977917.9555901489,
							"DiskState": 1
						}
					]
				}, {
					"PKID": "d51ad3ad-463d-414c-a29b-329efa130de2",
					"ServerName": "UC-SQL07",
					"GroupId": "5084d6ab-c95a-4fe8-8fda-b62399b0892c",
					"OrderBy": 7,
					"Features": "",
					"IsStone": false,
					"ServerState": 1,
					"FreeRAMMB": 126505,
					"FreeRAMMBTimeSampled": "/Date(1525917381000)/",
					"UsedRAMPct": 3.4618299205405,
					"UsedRAMPctTimeSampled": "/Date(1525919181927)/",
					"UsedRAMMB": 4536.431483396809,
					"FreeRAMPct": 96.5381700794595,
					"TotalRAMMB": 131041.43148339681,
					"FQDN": "UC-SQL07.corp.sinochem.com",
					"RAMState": 1,
					"CheckPointList": [
						{
							"PKID": "3cb194f9-946d-4ccf-98cf-43c1d933629e",
							"CheckPointName": "Skype SQL Services",
							"CheckPointDisplayName": "Services",
							"ObjRefIdentifier": "",
							"ServerId": "d51ad3ad-463d-414c-a29b-329efa130de2",
							"OrderBy": 7,
							"IconRefFlag": "service",
							"CheckPointState": 1,
							"ServerFQDN": "UC-SQL07.corp.sinochem.com",
							"ServerName": "UC-SQL07"
						}
					],
					"DiskList": [
						{
							"ServerId": "d51ad3ad-463d-414c-a29b-329efa130de2",
							"Symbol": "C:",
							"FreeMB": 177042,
							"FreePct": 86.3623733520508,
							"FreeMBTimeSampled": "/Date(1525917380000)/",
							"FreePctTimeSampled": "/Date(1525917380000)/",
							"UsedMB": 27956.997976004437,
							"UsedPct": 13.637626647949205,
							"TotalMB": 204998.99797600444,
							"DiskState": 1
						}, {
							"ServerId": "d51ad3ad-463d-414c-a29b-329efa130de2",
							"Symbol": "D:",
							"FreeMB": 725674,
							"FreePct": 77.4326477050781,
							"FreeMBTimeSampled": "/Date(1525917381000)/",
							"FreePctTimeSampled": "/Date(1525917381000)/",
							"UsedMB": 211494.00536630722,
							"UsedPct": 22.567352294921903,
							"TotalMB": 937168.0053663072,
							"DiskState": 1
						}
					]
				}, {
					"PKID": "3460dd55-6907-4ffd-9ca4-98edf01cf53e",
					"ServerName": "UC-SQL08",
					"GroupId": "5084d6ab-c95a-4fe8-8fda-b62399b0892c",
					"OrderBy": 8,
					"Features": "",
					"IsStone": false,
					"ServerState": 1,
					"FreeRAMMB": 110710,
					"FreeRAMMBTimeSampled": "/Date(1525917428000)/",
					"UsedRAMPct": 3.44474032025721,
					"UsedRAMPctTimeSampled": "/Date(1525919528500)/",
					"UsedRAMMB": 3949.7299486387924,
					"FreeRAMPct": 96.55525967974279,
					"TotalRAMMB": 114659.7299486388,
					"FQDN": "UC-SQL08.corp.sinochem.com",
					"RAMState": 1,
					"CheckPointList": [
						{
							"PKID": "8d1ced75-cd41-4a2a-bd04-5ffda3441464",
							"CheckPointName": "Skype SQL Services",
							"CheckPointDisplayName": "Services",
							"ObjRefIdentifier": "",
							"ServerId": "3460dd55-6907-4ffd-9ca4-98edf01cf53e",
							"OrderBy": 8,
							"IconRefFlag": "service",
							"CheckPointState": 1,
							"ServerFQDN": "UC-SQL08.corp.sinochem.com",
							"ServerName": "UC-SQL08"
						}
					],
					"DiskList": [
						{
							"ServerId": "3460dd55-6907-4ffd-9ca4-98edf01cf53e",
							"Symbol": "C:",
							"FreeMB": 137554,
							"FreePct": 83.7472381591797,
							"FreeMBTimeSampled": "/Date(1525917429000)/",
							"FreePctTimeSampled": "/Date(1525917429000)/",
							"UsedMB": 26694.998562255787,
							"UsedPct": 16.2527618408203,
							"TotalMB": 164248.9985622558,
							"DiskState": 1
						}, {
							"ServerId": "3460dd55-6907-4ffd-9ca4-98edf01cf53e",
							"Symbol": "D:",
							"FreeMB": 767217,
							"FreePct": 78.4541244506836,
							"FreeMBTimeSampled": "/Date(1525917429000)/",
							"FreePctTimeSampled": "/Date(1525917429000)/",
							"UsedMB": 210700.99395106884,
							"UsedPct": 21.545875549316406,
							"TotalMB": 977917.9939510688,
							"DiskState": 1
						}
					]
				}
			]
		}, {
			"PKID": "7fd9293d-74a7-4bb4-bcd0-2263f688df5e",
			"TopographyID": "631d3cf6-dad7-47af-b680-9d07a6f4c771",
			"OrderBy": 3,
			"GroupName": "S4B PC & FE",
			"Features": "3",
			"ServerList": [
				{
					"PKID": "df6e200a-1584-4139-8ec7-96e535708bab",
					"ServerName": "UC-SFB-FE01",
					"GroupId": "7fd9293d-74a7-4bb4-bcd0-2263f688df5e",
					"OrderBy": 1,
					"Features": "",
					"IsStone": false,
					"ServerState": 1,
					"FreeRAMMB": 14774,
					"FreeRAMMBTimeSampled": "/Date(1525917575000)/",
					"UsedRAMPct": 55.3062183046709,
					"UsedRAMPctTimeSampled": "/Date(1525919376020)/",
					"UsedRAMMB": 18282.05263101738,
					"FreeRAMPct": 44.6937816953291,
					"TotalRAMMB": 33056.05263101738,
					"FQDN": "UC-SFB-FE01.corp.sinochem.com",
					"RAMState": 1,
					"CheckPointList": [
						{
							"PKID": "b31677ce-3c98-4af9-b519-8f284a935136",
							"CheckPointName": "Skype FE Services",
							"CheckPointDisplayName": "Services",
							"ObjRefIdentifier": "",
							"ServerId": "df6e200a-1584-4139-8ec7-96e535708bab",
							"OrderBy": 1,
							"IconRefFlag": "service",
							"CheckPointState": 1,
							"ServerFQDN": "UC-SFB-FE01.corp.sinochem.com",
							"ServerName": "UC-SFB-FE01"
						}
					],
					"DiskList": [
						{
							"ServerId": "df6e200a-1584-4139-8ec7-96e535708bab",
							"Symbol": "C:",
							"FreeMB": 150822,
							"FreePct": 73.7710723876953,
							"FreeMBTimeSampled": "/Date(1525918175000)/",
							"FreePctTimeSampled": "/Date(1525918175000)/",
							"UsedMB": 53623.99098054654,
							"UsedPct": 26.2289276123047,
							"TotalMB": 204445.99098054654,
							"DiskState": 1
						}
					]
				}, {
					"PKID": "08860fab-d599-4a5b-9b20-d62c48a34e74",
					"ServerName": "UC-SFB-FE02",
					"GroupId": "7fd9293d-74a7-4bb4-bcd0-2263f688df5e",
					"OrderBy": 2,
					"Features": "",
					"IsStone": false,
					"ServerState": 1,
					"FreeRAMMB": 15650,
					"FreeRAMMBTimeSampled": "/Date(1525918483000)/",
					"UsedRAMPct": 52.3612200570784,
					"UsedRAMPctTimeSampled": "/Date(1525919383677)/",
					"UsedRAMMB": 17201.38708159832,
					"FreeRAMPct": 47.6387799429216,
					"TotalRAMMB": 32851.38708159832,
					"FQDN": "UC-SFB-FE02.corp.sinochem.com",
					"RAMState": 1,
					"CheckPointList": [
						{
							"PKID": "0f636afd-70fc-45a5-ad3a-94895c593c40",
							"CheckPointName": "Skype FE Services",
							"CheckPointDisplayName": "Services",
							"ObjRefIdentifier": "",
							"ServerId": "08860fab-d599-4a5b-9b20-d62c48a34e74",
							"OrderBy": 2,
							"IconRefFlag": "service",
							"CheckPointState": 1,
							"ServerFQDN": "UC-SFB-FE02.corp.sinochem.com",
							"ServerName": "UC-SFB-FE02"
						}
					],
					"DiskList": [
						{
							"ServerId": "08860fab-d599-4a5b-9b20-d62c48a34e74",
							"Symbol": "C:",
							"FreeMB": 149729,
							"FreePct": 73.2364501953125,
							"FreeMBTimeSampled": "/Date(1525919082000)/",
							"FreePctTimeSampled": "/Date(1525919082000)/",
							"UsedMB": 54717.00960408567,
							"UsedPct": 26.7635498046875,
							"TotalMB": 204446.00960408567,
							"DiskState": 1
						}
					]
				}, {
					"PKID": "6d37d63d-fa2c-49b6-a982-b1c3c0593bcc",
					"ServerName": "UC-SFB-FE03",
					"GroupId": "7fd9293d-74a7-4bb4-bcd0-2263f688df5e",
					"OrderBy": 3,
					"Features": "",
					"IsStone": false,
					"ServerState": 1,
					"FreeRAMMB": 13782,
					"FreeRAMMBTimeSampled": "/Date(1525919121000)/",
					"UsedRAMPct": 57.9887607498873,
					"UsedRAMPctTimeSampled": "/Date(1525919421953)/",
					"UsedRAMMB": 19023.50692149132,
					"FreeRAMPct": 42.0112392501127,
					"TotalRAMMB": 32805.506921491324,
					"FQDN": "UC-SFB-FE03.corp.sinochem.com",
					"RAMState": 1,
					"CheckPointList": [
						{
							"PKID": "3efb95e9-85bf-416c-a123-b346e7f2c0e9",
							"CheckPointName": "Skype FE Services",
							"CheckPointDisplayName": "Services",
							"ObjRefIdentifier": "",
							"ServerId": "6d37d63d-fa2c-49b6-a982-b1c3c0593bcc",
							"OrderBy": 3,
							"IconRefFlag": "service",
							"CheckPointState": 1,
							"ServerFQDN": "UC-SFB-FE03.corp.sinochem.com",
							"ServerName": "UC-SFB-FE03"
						}
					],
					"DiskList": [
						{
							"ServerId": "6d37d63d-fa2c-49b6-a982-b1c3c0593bcc",
							"Symbol": "C:",
							"FreeMB": 151816,
							"FreePct": 74.2572631835938,
							"FreeMBTimeSampled": "/Date(1525919721000)/",
							"FreePctTimeSampled": "/Date(1525919721000)/",
							"UsedMB": 52629.99422503603,
							"UsedPct": 25.742736816406193,
							"TotalMB": 204445.99422503603,
							"DiskState": 1
						}
					]
				}, {
					"PKID": "8b93c749-34ab-49ca-9e85-11fcd8f10f78",
					"ServerName": "UC-SFB-FE04",
					"GroupId": "7fd9293d-74a7-4bb4-bcd0-2263f688df5e",
					"OrderBy": 4,
					"Features": "",
					"IsStone": false,
					"ServerState": 1,
					"FreeRAMMB": 15474,
					"FreeRAMMBTimeSampled": "/Date(1525919754000)/",
					"UsedRAMPct": 52.7396447023649,
					"UsedRAMPctTimeSampled": "/Date(1525919456093)/",
					"UsedRAMMB": 17268.030614345204,
					"FreeRAMPct": 47.2603552976351,
					"TotalRAMMB": 32742.0306143452,
					"FQDN": "UC-SFB-FE04.corp.sinochem.com",
					"RAMState": 1,
					"CheckPointList": [
						{
							"PKID": "7f14cc4a-6fac-417e-9c70-88cecbb5de53",
							"CheckPointName": "Skype FE Services",
							"CheckPointDisplayName": "Services",
							"ObjRefIdentifier": "",
							"ServerId": "8b93c749-34ab-49ca-9e85-11fcd8f10f78",
							"OrderBy": 4,
							"IconRefFlag": "service",
							"CheckPointState": 1,
							"ServerFQDN": "UC-SFB-FE04.corp.sinochem.com",
							"ServerName": "UC-SFB-FE04"
						}
					],
					"DiskList": [
						{
							"ServerId": "8b93c749-34ab-49ca-9e85-11fcd8f10f78",
							"Symbol": "C:",
							"FreeMB": 153811,
							"FreePct": 75.2330703735352,
							"FreeMBTimeSampled": "/Date(1525916755000)/",
							"FreePctTimeSampled": "/Date(1525916755000)/",
							"UsedMB": 50634.99593811904,
							"UsedPct": 24.7669296264648,
							"TotalMB": 204445.99593811904,
							"DiskState": 1
						}
					]
				}, {
					"PKID": "ac18ce6d-4969-4ea5-a6d9-0c33573a8d82",
					"ServerName": "UC-SFB-FE05",
					"GroupId": "7fd9293d-74a7-4bb4-bcd0-2263f688df5e",
					"OrderBy": 5,
					"Features": "",
					"IsStone": false,
					"ServerState": 1,
					"FreeRAMMB": 14053,
					"FreeRAMMBTimeSampled": "/Date(1525917456000)/",
					"UsedRAMPct": 57.1067871814374,
					"UsedRAMPctTimeSampled": "/Date(1525919256650)/",
					"UsedRAMMB": 18709.759132648556,
					"FreeRAMPct": 42.8932128185626,
					"TotalRAMMB": 32762.75913264856,
					"FQDN": "UC-SFB-FE05.corp.sinochem.com",
					"RAMState": 1,
					"CheckPointList": [
						{
							"PKID": "329aa83b-5acb-4529-918c-14aeb79ac1f5",
							"CheckPointName": "Skype FE Services",
							"CheckPointDisplayName": "Services",
							"ObjRefIdentifier": "",
							"ServerId": "ac18ce6d-4969-4ea5-a6d9-0c33573a8d82",
							"OrderBy": 5,
							"IconRefFlag": "service",
							"CheckPointState": 1,
							"ServerFQDN": "UC-SFB-FE05.corp.sinochem.com",
							"ServerName": "UC-SFB-FE05"
						}
					],
					"DiskList": [
						{
							"ServerId": "ac18ce6d-4969-4ea5-a6d9-0c33573a8d82",
							"Symbol": "C:",
							"FreeMB": 153145,
							"FreePct": 74.9073104858398,
							"FreeMBTimeSampled": "/Date(1525916855000)/",
							"FreePctTimeSampled": "/Date(1525916855000)/",
							"UsedMB": 51301.00000550007,
							"UsedPct": 25.0926895141602,
							"TotalMB": 204446.00000550007,
							"DiskState": 1
						}
					]
				}, {
					"PKID": "0d92af7f-8cf6-4c13-8e68-13624f0232c6",
					"ServerName": "UC-SFB-FE06",
					"GroupId": "7fd9293d-74a7-4bb4-bcd0-2263f688df5e",
					"OrderBy": 6,
					"Features": "",
					"IsStone": false,
					"ServerState": 1,
					"FreeRAMMB": 14277,
					"FreeRAMMBTimeSampled": "/Date(1525918679000)/",
					"UsedRAMPct": 55.9501505639891,
					"UsedRAMPctTimeSampled": "/Date(1525919880047)/",
					"UsedRAMMB": 18134.00748991097,
					"FreeRAMPct": 44.0498494360109,
					"TotalRAMMB": 32411.007489910975,
					"FQDN": "UC-SFB-FE06.corp.sinochem.com",
					"RAMState": 1,
					"CheckPointList": [
						{
							"PKID": "67e7c964-033b-4aa1-9986-b0e54b0dc21e",
							"CheckPointName": "Skype FE Services",
							"CheckPointDisplayName": "Services",
							"ObjRefIdentifier": "",
							"ServerId": "0d92af7f-8cf6-4c13-8e68-13624f0232c6",
							"OrderBy": 6,
							"IconRefFlag": "service",
							"CheckPointState": 1,
							"ServerFQDN": "UC-SFB-FE06.corp.sinochem.com",
							"ServerName": "UC-SFB-FE06"
						}
					],
					"DiskList": [
						{
							"ServerId": "0d92af7f-8cf6-4c13-8e68-13624f0232c6",
							"Symbol": "C:",
							"FreeMB": 153828,
							"FreePct": 75.2413864135742,
							"FreeMBTimeSampled": "/Date(1525919279000)/",
							"FreePctTimeSampled": "/Date(1525919279000)/",
							"UsedMB": 50617.99353135799,
							"UsedPct": 24.758613586425795,
							"TotalMB": 204445.993531358,
							"DiskState": 1
						}
					]
				}, {
					"PKID": "4c5c2fb2-7078-42dc-b74a-adcab491905e",
					"ServerName": "UC-SFB-PC01",
					"GroupId": "7fd9293d-74a7-4bb4-bcd0-2263f688df5e",
					"OrderBy": 7,
					"Features": "",
					"IsStone": false,
					"ServerState": 1,
					"FreeRAMMB": 29171,
					"FreeRAMMBTimeSampled": "/Date(1525916933000)/",
					"UsedRAMPct": 10.9756021963507,
					"UsedRAMPctTimeSampled": "/Date(1525916933953)/",
					"UsedRAMMB": 3596.421875,
					"FreeRAMPct": 89.0243978036493,
					"TotalRAMMB": 32767.421875,
					"FQDN": "UC-SFB-PC01.corp.sinochem.com",
					"RAMState": 1,
					"CheckPointList": [
						{
							"PKID": "c90433c9-ca21-4d84-8459-ae1949cf592d",
							"CheckPointName": "Skype PC Services",
							"CheckPointDisplayName": "Services",
							"ObjRefIdentifier": "",
							"ServerId": "4c5c2fb2-7078-42dc-b74a-adcab491905e",
							"OrderBy": 7,
							"IconRefFlag": "service",
							"CheckPointState": 1,
							"ServerFQDN": "UC-SFB-PC01.corp.sinochem.com",
							"ServerName": "UC-SFB-PC01"
						}
					],
					"DiskList": [
						{
							"ServerId": "4c5c2fb2-7078-42dc-b74a-adcab491905e",
							"Symbol": "C:",
							"FreeMB": 179003,
							"FreePct": 87.5551452636719,
							"FreeMBTimeSampled": "/Date(1525916933000)/",
							"FreePctTimeSampled": "/Date(1525916933000)/",
							"UsedMB": 25443.008810713887,
							"UsedPct": 12.444854736328097,
							"TotalMB": 204446.0088107139,
							"DiskState": 1
						}
					]
				}, {
					"PKID": "f953e6e1-ffaf-4605-9eb6-b975415d01b9",
					"ServerName": "UC-SFB-PC02",
					"GroupId": "7fd9293d-74a7-4bb4-bcd0-2263f688df5e",
					"OrderBy": 8,
					"Features": "",
					"IsStone": false,
					"ServerState": 1,
					"FreeRAMMB": 29404,
					"FreeRAMMBTimeSampled": "/Date(1525917125000)/",
					"UsedRAMPct": 10.1760275426002,
					"UsedRAMPctTimeSampled": "/Date(1525919826077)/",
					"UsedRAMMB": 3331.136507066901,
					"FreeRAMPct": 89.8239724573998,
					"TotalRAMMB": 32735.136507066898,
					"FQDN": "UC-SFB-PC02.corp.sinochem.com",
					"RAMState": 1,
					"CheckPointList": [
						{
							"PKID": "6af91d9a-8566-484c-b77f-4796a7204371",
							"CheckPointName": "Skype PC Services",
							"CheckPointDisplayName": "Services",
							"ObjRefIdentifier": "",
							"ServerId": "f953e6e1-ffaf-4605-9eb6-b975415d01b9",
							"OrderBy": 8,
							"IconRefFlag": "service",
							"CheckPointState": 1,
							"ServerFQDN": "UC-SFB-PC02.corp.sinochem.com",
							"ServerName": "UC-SFB-PC02"
						}
					],
					"DiskList": [
						{
							"ServerId": "f953e6e1-ffaf-4605-9eb6-b975415d01b9",
							"Symbol": "C:",
							"FreeMB": 178973,
							"FreePct": 87.5404739379883,
							"FreeMBTimeSampled": "/Date(1525917125000)/",
							"FreePctTimeSampled": "/Date(1525917125000)/",
							"UsedMB": 25473.003030301683,
							"UsedPct": 12.459526062011705,
							"TotalMB": 204446.00303030168,
							"DiskState": 1
						}
					]
				}
			]
		}, {
			"PKID": "bedf292f-7342-4b31-8cba-00c5480bb494",
			"TopographyID": "631d3cf6-dad7-47af-b680-9d07a6f4c771",
			"OrderBy": 4,
			"GroupName": "S4B ARR",
			"Features": "4",
			"ServerList": [
				{
					"PKID": "757892d8-1752-40f2-a474-878e4489207f",
					"ServerName": "UC-ARR01",
					"GroupId": "bedf292f-7342-4b31-8cba-00c5480bb494",
					"OrderBy": 1,
					"Features": "",
					"IsStone": false,
					"ServerState": 1,
					"FreeRAMMB": 14357,
					"FreeRAMMBTimeSampled": "/Date(1525918611000)/",
					"UsedRAMPct": 12.4358750604412,
					"UsedRAMPctTimeSampled": "/Date(1525916511970)/",
					"UsedRAMMB": 2038.9840972657805,
					"FreeRAMPct": 87.5641249395588,
					"TotalRAMMB": 16395.98409726578,
					"FQDN": "UC-ARR01.corp.sinochem.com",
					"RAMState": 1,
					"CheckPointList": [
						{
							"PKID": "76390871-27dc-4314-8ff0-4abbee2bf8f2",
							"CheckPointName": "Skype ARR Services",
							"CheckPointDisplayName": "Services",
							"ObjRefIdentifier": "",
							"ServerId": "757892d8-1752-40f2-a474-878e4489207f",
							"OrderBy": 1,
							"IconRefFlag": "service",
							"CheckPointState": 1,
							"ServerFQDN": "UC-ARR01.corp.sinochem.com",
							"ServerName": "UC-ARR01"
						}
					],
					"DiskList": [
						{
							"ServerId": "757892d8-1752-40f2-a474-878e4489207f",
							"Symbol": "C:",
							"FreeMB": 54873,
							"FreePct": 53.7728080749512,
							"FreeMBTimeSampled": "/Date(1525918801000)/",
							"FreePctTimeSampled": "/Date(1525918801000)/",
							"UsedMB": 47173.00050552559,
							"UsedPct": 46.2271919250488,
							"TotalMB": 102046.00050552559,
							"DiskState": 1
						}
					]
				}, {
					"PKID": "1b8f29d5-be43-48e4-9f74-bd0d0aec0d6a",
					"ServerName": "UC-ARR02",
					"GroupId": "bedf292f-7342-4b31-8cba-00c5480bb494",
					"OrderBy": 2,
					"Features": "",
					"IsStone": false,
					"ServerState": 1,
					"FreeRAMMB": 14451,
					"FreeRAMMBTimeSampled": "/Date(1525918510000)/",
					"UsedRAMPct": 11.685116147325,
					"UsedRAMPctTimeSampled": "/Date(1525919111060)/",
					"UsedRAMMB": 1912.040259563551,
					"FreeRAMPct": 88.314883852675,
					"TotalRAMMB": 16363.040259563551,
					"FQDN": "UC-ARR02.corp.sinochem.com",
					"RAMState": 1,
					"CheckPointList": [
						{
							"PKID": "9c8f7ab0-845f-41bd-a0aa-0ca35b77578b",
							"CheckPointName": "Skype ARR Services",
							"CheckPointDisplayName": "Services",
							"ObjRefIdentifier": "",
							"ServerId": "1b8f29d5-be43-48e4-9f74-bd0d0aec0d6a",
							"OrderBy": 2,
							"IconRefFlag": "service",
							"CheckPointState": 1,
							"ServerFQDN": "UC-ARR02.corp.sinochem.com",
							"ServerName": "UC-ARR02"
						}
					],
					"DiskList": [
						{
							"ServerId": "1b8f29d5-be43-48e4-9f74-bd0d0aec0d6a",
							"Symbol": "C:",
							"FreeMB": 51249,
							"FreePct": 50.2214698791504,
							"FreeMBTimeSampled": "/Date(1525918655000)/",
							"FreePctTimeSampled": "/Date(1525918655000)/",
							"UsedMB": 50796.99770441245,
							"UsedPct": 49.7785301208496,
							"TotalMB": 102045.99770441245,
							"DiskState": 1
						}
					]
				}, {
					"PKID": "7e50ec8b-bde7-4b87-a812-e5e33a4111e9",
					"ServerName": "UC-ARR03",
					"GroupId": "bedf292f-7342-4b31-8cba-00c5480bb494",
					"OrderBy": 3,
					"Features": "",
					"IsStone": false,
					"ServerState": 1,
					"FreeRAMMB": 14414,
					"FreeRAMMBTimeSampled": "/Date(1525918545000)/",
					"UsedRAMPct": 12.1001698553893,
					"UsedRAMPctTimeSampled": "/Date(1525917645657)/",
					"UsedRAMMB": 1984.2114371397893,
					"FreeRAMPct": 87.8998301446107,
					"TotalRAMMB": 16398.211437139787,
					"FQDN": "UC-ARR03.corp.sinochem.com",
					"RAMState": 1,
					"CheckPointList": [
						{
							"PKID": "126b1611-4593-4207-91ac-ee31b5004e3c",
							"CheckPointName": "Skype ARR Services",
							"CheckPointDisplayName": "Services",
							"ObjRefIdentifier": "",
							"ServerId": "7e50ec8b-bde7-4b87-a812-e5e33a4111e9",
							"OrderBy": 3,
							"IconRefFlag": "service",
							"CheckPointState": 1,
							"ServerFQDN": "UC-ARR03.corp.sinochem.com",
							"ServerName": "UC-ARR03"
						}
					],
					"DiskList": [
						{
							"ServerId": "7e50ec8b-bde7-4b87-a812-e5e33a4111e9",
							"Symbol": "C:",
							"FreeMB": 54245,
							"FreePct": 53.157398223877,
							"FreeMBTimeSampled": "/Date(1525918909000)/",
							"FreePctTimeSampled": "/Date(1525918909000)/",
							"UsedMB": 47801.00264960762,
							"UsedPct": 46.842601776123,
							"TotalMB": 102046.00264960762,
							"DiskState": 1
						}
					]
				}
			]
		}, {
			"PKID": "34aa4294-c3a0-4bd7-b84b-172ee027c8d2",
			"TopographyID": "631d3cf6-dad7-47af-b680-9d07a6f4c771",
			"OrderBy": 5,
			"GroupName": "S4B Edge",
			"Features": "5",
			"ServerList": [
				{
					"PKID": "53579bcd-4674-4342-8921-b5da260828bf",
					"ServerName": "UC-SFB-EDGE01",
					"GroupId": "34aa4294-c3a0-4bd7-b84b-172ee027c8d2",
					"OrderBy": 1,
					"Features": "",
					"IsStone": false,
					"ServerState": 1,
					"FreeRAMMB": 20013,
					"FreeRAMMBTimeSampled": "/Date(1525917727000)/",
					"UsedRAMPct": 18.5285640987493,
					"UsedRAMPctTimeSampled": "/Date(1525918027760)/",
					"UsedRAMMB": 4551.43755852936,
					"FreeRAMPct": 81.4714359012507,
					"TotalRAMMB": 24564.43755852936,
					"FQDN": "UC-SFB-EDGE01.corp.sinochem.com",
					"RAMState": 1,
					"CheckPointList": [
						{
							"PKID": "9b292866-b3ae-4198-8621-21e8e1b1657e",
							"CheckPointName": "Skype Edge Services",
							"CheckPointDisplayName": "Services",
							"ObjRefIdentifier": "",
							"ServerId": "53579bcd-4674-4342-8921-b5da260828bf",
							"OrderBy": 1,
							"IconRefFlag": "service",
							"CheckPointState": 1,
							"ServerFQDN": "UC-SFB-EDGE01.corp.sinochem.com",
							"ServerName": "UC-SFB-EDGE01"
						}
					],
					"DiskList": [
						{
							"ServerId": "53579bcd-4674-4342-8921-b5da260828bf",
							"Symbol": "C:",
							"FreeMB": 174446,
							"FreePct": 85.3262023925781,
							"FreeMBTimeSampled": "/Date(1525917927000)/",
							"FreePctTimeSampled": "/Date(1525917927000)/",
							"UsedMB": 29999.99092479216,
							"UsedPct": 14.673797607421903,
							"TotalMB": 204445.99092479216,
							"DiskState": 1
						}
					]
				}, {
					"PKID": "191656bf-a671-40ee-bdbe-f8401ce63f3f",
					"ServerName": "UC-SFB-EDGE02",
					"GroupId": "34aa4294-c3a0-4bd7-b84b-172ee027c8d2",
					"OrderBy": 2,
					"Features": "",
					"IsStone": false,
					"ServerState": 1,
					"FreeRAMMB": 19917,
					"FreeRAMMBTimeSampled": "/Date(1525917984000)/",
					"UsedRAMPct": 18.8378153787661,
					"UsedRAMPctTimeSampled": "/Date(1525916784840)/",
					"UsedRAMMB": 4622.753449156484,
					"FreeRAMPct": 81.1621846212339,
					"TotalRAMMB": 24539.753449156484,
					"FQDN": "UC-SFB-EDGE02.corp.sinochem.com",
					"RAMState": 1,
					"CheckPointList": [
						{
							"PKID": "e025bb33-7611-49cb-9216-6e32b1369c6c",
							"CheckPointName": "Skype Edge Services",
							"CheckPointDisplayName": "Services",
							"ObjRefIdentifier": "",
							"ServerId": "191656bf-a671-40ee-bdbe-f8401ce63f3f",
							"OrderBy": 2,
							"IconRefFlag": "service",
							"CheckPointState": 1,
							"ServerFQDN": "UC-SFB-EDGE02.corp.sinochem.com",
							"ServerName": "UC-SFB-EDGE02"
						}
					],
					"DiskList": [
						{
							"ServerId": "191656bf-a671-40ee-bdbe-f8401ce63f3f",
							"Symbol": "C:",
							"FreeMB": 174397,
							"FreePct": 85.3022308349609,
							"FreeMBTimeSampled": "/Date(1525918327000)/",
							"FreePctTimeSampled": "/Date(1525918327000)/",
							"UsedMB": 30049.00134481344,
							"UsedPct": 14.697769165039105,
							"TotalMB": 204446.00134481344,
							"DiskState": 1
						}
					]
				}
			]
		}
	]
}